{
  "total_return":0.0268784443,
  "sortino":1.0074927424,
  "mean_hourly_return":0.0000915663,
  "financing_cost_paid":2.3168252793
}