{
  "gpu": "NVIDIA GeForce RTX 5090",
  "sm": "12.0",
  "torch": "2.9.0+cu130",
  "iters": 20,
  "results": [
    {
      "shape": [
        4096,
        4096,
        4096
      ],
      "bf16_tflops": 92.3290515569217,
      "fp8_tflops": 161.1229374988159,
      "nvfp4_tflops": 206.59246750002535,
      "speedup_vs_bf16": 2.237567309707056
    },
    {
      "shape": [
        8192,
        8192,
        8192
      ],
      "bf16_tflops": 106.2827925739,
      "fp8_tflops": 206.02574941256933,
      "nvfp4_tflops": 230.73798221938515,
      "speedup_vs_bf16": 2.1709815543183963
    },
    {
      "shape": [
        2048,
        8192,
        2048
      ],
      "bf16_tflops": 85.48868453120667,
      "fp8_tflops": 173.5708524626126,
      "nvfp4_tflops": 101.91419284745228,
      "speedup_vs_bf16": 1.1921366366358073
    }
  ]
}