{
  "total_return":-0.0857935206,
  "sortino":-5.2563785619,
  "mean_hourly_return":-0.0004734284,
  "financing_cost_paid":1.0102847936
}