{
  "total_return":-0.0836481851,
  "sortino":-1.5111174273,
  "mean_hourly_return":-0.0001509658,
  "financing_cost_paid":2.9345839562
}