{
  "total_return":-0.0728670385,
  "sortino":-2.5705802941,
  "mean_hourly_return":-0.0003942199,
  "financing_cost_paid":0.5479306962
}