{
  "signal_weight": 0.25,
  "signal_bias": 0.0,
  "buy_threshold": -0.0008333333333333335,
  "sell_threshold": -0.002,
  "allow_short": false,
  "confidence_threshold": 0.026412402743658504,
  "model_id": "chronos2_finetuned/stocks_all_v2/finetuned-ckpt",
  "n_cal_windows": 60,
  "cal_sharpe": 0.22977079911921497
}