{
  "5min/tp0.10_s42": {
    "120d": {
      "return_pct": 62.272705026036526,
      "annualized_pct": 336.0102061824523,
      "sortino": 4.009393993163741,
      "max_dd_pct": 21.33864879052233,
      "trades": 44,
      "wr": 0.5681818181818182,
      "hold": 2.727272727272727
    },
    "180d": {
      "return_pct": 12.463534965378384,
      "annualized_pct": 26.8938145411775,
      "sortino": 1.0170710005465966,
      "max_dd_pct": 44.842130060379475,
      "trades": 71,
      "wr": 0.5352112676056338,
      "hold": 2.535211267605634
    }
  },
  "5min/tp0.15_s314": {
    "120d": {
      "return_pct": 73.21316571691729,
      "annualized_pct": 431.7207004063686,
      "sortino": 4.1805202105987025,
      "max_dd_pct": 25.63485750699554,
      "trades": 33,
      "wr": 0.6666666666666666,
      "hold": 3.6363636363636362
    },
    "180d": {
      "return_pct": -2.89077646335807,
      "annualized_pct": -5.774795709380287,
      "sortino": 0.5009897978760479,
      "max_dd_pct": 51.3940074412179,
      "trades": 50,
      "wr": 0.54,
      "hold": 3.6
    }
  },
  "ref/trade_pen_05": {
    "120d": {
      "return_pct": 31.912460995972342,
      "annualized_pct": 132.20382931267625,
      "sortino": 2.3369456263899977,
      "max_dd_pct": 28.971087145440684,
      "trades": 67,
      "wr": 0.5970149253731343,
      "hold": 1.791044776119403
    },
    "180d": {
      "return_pct": 14.84397370333132,
      "annualized_pct": 32.39942367225355,
      "sortino": 1.1123387974248369,
      "max_dd_pct": 38.927107330768685,
      "trades": 113,
      "wr": 0.5486725663716814,
      "hold": 1.592920353982301
    }
  }
}