{
  "mixed23/baseline_anneal_lr": {
    "30d": {
      "return_pct": -21.130023285285123,
      "annualized_pct": -94.43123142443139,
      "sortino": -5.8249886217545095,
      "max_drawdown_pct": 28.17629644913942,
      "num_trades": 18,
      "win_rate": 0.5,
      "avg_hold": 1.6666666666666667
    },
    "60d": {
      "return_pct": -12.503362067106735,
      "annualized_pct": -55.62747524880596,
      "sortino": -1.278197393428233,
      "max_drawdown_pct": 31.8162484459511,
      "num_trades": 40,
      "win_rate": 0.525,
      "avg_hold": 1.5
    },
    "90d": {
      "return_pct": -63.53608685544535,
      "annualized_pct": -98.32847774132247,
      "sortino": -4.445969347514826,
      "max_drawdown_pct": 66.37396533995084,
      "num_trades": 64,
      "win_rate": 0.421875,
      "avg_hold": 1.40625
    },
    "120d": {
      "return_pct": -42.512959165842084,
      "annualized_pct": -81.43512870710727,
      "sortino": -1.7783197817699856,
      "max_drawdown_pct": 57.52003963862473,
      "num_trades": 83,
      "win_rate": 0.5060240963855421,
      "avg_hold": 1.4457831325301205
    },
    "180d": {
      "return_pct": -39.31863768579687,
      "annualized_pct": -63.68513755389331,
      "sortino": -1.0791635973804643,
      "max_drawdown_pct": 58.138883619839596,
      "num_trades": 121,
      "win_rate": 0.5454545454545454,
      "avg_hold": 1.487603305785124
    }
  },
  "mixed23/ent_anneal": {
    "30d": {
      "return_pct": -0.4110664913996698,
      "annualized_pct": -4.888106948913706,
      "sortino": 0.193841715871307,
      "max_drawdown_pct": 9.986221040815781,
      "num_trades": 21,
      "win_rate": 0.6190476190476191,
      "avg_hold": 1.4285714285714286
    },
    "60d": {
      "return_pct": 0.5749314464964482,
      "annualized_pct": 3.54900976193675,
      "sortino": 0.5043966695463857,
      "max_drawdown_pct": 20.957510942134213,
      "num_trades": 38,
      "win_rate": 0.5526315789473685,
      "avg_hold": 1.5789473684210527
    },
    "90d": {
      "return_pct": -32.527666520211525,
      "annualized_pct": -79.72271031305075,
      "sortino": -1.9551885985070256,
      "max_drawdown_pct": 39.184730730336426,
      "num_trades": 57,
      "win_rate": 0.5263157894736842,
      "avg_hold": 1.5789473684210527
    },
    "120d": {
      "return_pct": -30.637942934572305,
      "annualized_pct": -67.13406625973438,
      "sortino": -1.269113718496366,
      "max_drawdown_pct": 45.06463845474614,
      "num_trades": 80,
      "win_rate": 0.55,
      "avg_hold": 1.5
    },
    "180d": {
      "return_pct": -53.04161356597375,
      "annualized_pct": -78.40728502254805,
      "sortino": -2.0274532660108697,
      "max_drawdown_pct": 53.50558727211965,
      "num_trades": 120,
      "win_rate": 0.525,
      "avg_hold": 1.5
    }
  },
  "mixed23/clip_anneal": {
    "30d": {
      "return_pct": -21.398086192945968,
      "annualized_pct": -94.65719121145244,
      "sortino": -4.517117379715997,
      "max_drawdown_pct": 29.000663127844746,
      "num_trades": 18,
      "win_rate": 0.5,
      "avg_hold": 1.6666666666666667
    },
    "60d": {
      "return_pct": -34.326557357556744,
      "annualized_pct": -92.25322077657395,
      "sortino": -4.3754519047769955,
      "max_drawdown_pct": 36.762130322425755,
      "num_trades": 43,
      "win_rate": 0.46511627906976744,
      "avg_hold": 1.3953488372093024
    },
    "90d": {
      "return_pct": -38.63869479836776,
      "annualized_pct": -86.20268049768983,
      "sortino": -2.5999912844201214,
      "max_drawdown_pct": 45.31082124834063,
      "num_trades": 62,
      "win_rate": 0.45161290322580644,
      "avg_hold": 1.4516129032258065
    },
    "120d": {
      "return_pct": -40.47859953523906,
      "annualized_pct": -79.36374888120342,
      "sortino": -2.122075983656257,
      "max_drawdown_pct": 46.32832829514475,
      "num_trades": 80,
      "win_rate": 0.4875,
      "avg_hold": 1.5
    },
    "180d": {
      "return_pct": -26.974265677110026,
      "annualized_pct": -47.136059757010806,
      "sortino": -0.7194546404917006,
      "max_drawdown_pct": 49.95216890751654,
      "num_trades": 122,
      "win_rate": 0.5245901639344263,
      "avg_hold": 1.4754098360655739
    }
  },
  "mixed23/envs_256": {
    "30d": {
      "return_pct": -5.4808428896602885,
      "annualized_pct": -49.63161170275785,
      "sortino": -1.8518933164026017,
      "max_drawdown_pct": 17.3732012747725,
      "num_trades": 24,
      "win_rate": 0.4583333333333333,
      "avg_hold": 1.25
    },
    "60d": {
      "return_pct": -15.129451856631022,
      "annualized_pct": -63.13577343166188,
      "sortino": -1.8100948439650755,
      "max_drawdown_pct": 27.819274594727332,
      "num_trades": 45,
      "win_rate": 0.37777777777777777,
      "avg_hold": 1.3333333333333333
    },
    "90d": {
      "return_pct": -44.395628183813805,
      "annualized_pct": -90.74715812603816,
      "sortino": -2.50557900011451,
      "max_drawdown_pct": 53.56587645152424,
      "num_trades": 66,
      "win_rate": 0.45454545454545453,
      "avg_hold": 1.3636363636363635
    },
    "120d": {
      "return_pct": -28.400647290832175,
      "annualized_pct": -63.802228518270645,
      "sortino": -0.8502854435613826,
      "max_drawdown_pct": 49.36119184022353,
      "num_trades": 91,
      "win_rate": 0.5164835164835165,
      "avg_hold": 1.3186813186813187
    },
    "180d": {
      "return_pct": -22.764428244482517,
      "annualized_pct": -40.773161960447304,
      "sortino": -0.36295103853215366,
      "max_drawdown_pct": 46.07711765209608,
      "num_trades": 128,
      "win_rate": 0.4921875,
      "avg_hold": 1.40625
    }
  },
  "crypto8/clip_anneal": {
    "30d": {
      "return_pct": 6.85660711889268,
      "annualized_pct": 124.08706875098159,
      "sortino": 1.7052548715610232,
      "max_drawdown_pct": 18.54863310805147,
      "num_trades": 22,
      "win_rate": 0.6363636363636364,
      "avg_hold": 1.3636363636363635
    },
    "60d": {
      "return_pct": -11.815926275773036,
      "annualized_pct": -53.46388492547154,
      "sortino": -0.6928481291347538,
      "max_drawdown_pct": 28.070088782613173,
      "num_trades": 49,
      "win_rate": 0.5714285714285714,
      "avg_hold": 1.2244897959183674
    },
    "90d": {
      "return_pct": -35.439308599308426,
      "annualized_pct": -83.04431392696655,
      "sortino": -2.056035182916996,
      "max_drawdown_pct": 51.90547394167546,
      "num_trades": 76,
      "win_rate": 0.5,
      "avg_hold": 1.1842105263157894
    },
    "120d": {
      "return_pct": -23.95666758200382,
      "annualized_pct": -56.526196726396726,
      "sortino": -0.5572538715741128,
      "max_drawdown_pct": 51.08565402365397,
      "num_trades": 104,
      "win_rate": 0.5384615384615384,
      "avg_hold": 1.1538461538461537
    },
    "180d": {
      "return_pct": 4.362407607816386,
      "annualized_pct": 9.044381310552607,
      "sortino": 0.7321664460291027,
      "max_drawdown_pct": 42.113053614558225,
      "num_trades": 150,
      "win_rate": 0.56,
      "avg_hold": 1.2
    }
  },
  "crypto8/slip_10bps": {
    "30d": {
      "return_pct": -3.792055684673378,
      "annualized_pct": -37.5211475670573,
      "sortino": -0.016874967115172078,
      "max_drawdown_pct": 18.54863310805146,
      "num_trades": 29,
      "win_rate": 0.5862068965517241,
      "avg_hold": 1.0344827586206897
    },
    "60d": {
      "return_pct": 1.399049021957344,
      "annualized_pct": 8.81934693801667,
      "sortino": 0.684977845397498,
      "max_drawdown_pct": 18.548633108051483,
      "num_trades": 53,
      "win_rate": 0.5660377358490566,
      "avg_hold": 1.1320754716981132
    },
    "90d": {
      "return_pct": 24.60524182961439,
      "annualized_pct": 144.03539572205705,
      "sortino": 2.131783228113674,
      "max_drawdown_pct": 25.17520536119292,
      "num_trades": 76,
      "win_rate": 0.631578947368421,
      "avg_hold": 1.1842105263157894
    },