algorithm,constrained,seed,status,p10_5bps,median_5bps,sortino_5bps,maxdd_5bps,steps_per_sec,gpu_peak_mb
pufferlib_bf16,off,0,ok,-0.172719905213711,-0.06374337414557574,-0.610751064610739,0.12933716693618963,2671.2524950474735,0.0
pufferlib_bf16,off,1,ok,-0.14736379434680302,-0.06330132086162021,-0.554342329369024,0.11224046183880709,6715.549675648626,0.0
fp4,off,0,skip,,,,,,
fp4,off,1,skip,,,,,,
hf_trainer,off,0,ok,-0.11228335162798649,-0.005804417559933606,0.034284379472689405,0.17195594137936274,6256.929373509902,33.01318359375
hf_trainer,off,1,ok,-0.3077170370596838,-0.0843900360171494,-0.3773409929369848,0.17864431348061277,7289.903332058696,33.01318359375
