{
  "candidate": "/nvme0n1-disk/code/stock-prediction/pufferlib_market/checkpoints/screened32_sweep/AD/s4/best.pt",
  "val_data": "/nvme0n1-disk/code/stock-prediction/pufferlib_market/data/screened32_single_offset_val_full.bin",
  "window_days": 50,
  "fill_buffer_bps": 5.0,
  "max_leverage": 1.0,
  "decision_lag": 2,
  "baseline_median_total": 0.17196764241379187,
  "candidate_median_total": 0.06689575429233283,
  "baseline_neg_count": 11,
  "candidate_neg_count": 51,
  "pearson_correlation": 0.29327681526500937,
  "neg_jaccard": 0.19230769230769232,
  "neg_overlap_indices": [
    250,
    251,
    252,
    253,
    254,
    255,
    256,
    257,
    258,
    259
  ],
  "baseline_only_neg_indices": [
    47
  ],
  "candidate_only_neg_indices": [
    7,
    9,
    10,
    11,
    12,
    13,
    148,
    171,
    172,
    173,
    174,
    175,
    176,
    182,
    184,
    189,
    212,
    224,
    226,
    227,
    228,
    229,
    231,
    232,
    233,
    234,
    235,
    236,
    237,
    238,
    239,
    240,
    241,
    242,
    243,
    244,
    245,
    246,
    247,
    248,
    249
  ],
  "candidate_window_returns": [
    0.058609949104003134,
    0.06142610185787253,
    0.020776904252743044,
    0.03595918385252571,
    0.03595918385252571,
    0.06957174208857596,
    0.03259600054616458,
    -0.0059146240318839775,
    0.011448493214461269,
    -0.0325444849414489,
    -0.05886948664411684,
    -0.05886948664411684,
    -0.05034385540914754,
    -0.02247591802251263,
    0.020158564436094276,
    0.023091876515511284,
    0.050860968854125166,
    0.08469549663029284,
    0.08469549663029284,
    0.11753277883280298,
    0.07421902001037452,
    0.07806807080230956,
    0.07283559830073082,
    0.055405858772260765,
    0.06689575429233283,
    0.06689575429233283,
    0.0626773609969785,
    0.05519895272700778,
    0.027943936425563698,
    0.023453337914881377,
    0.03715633187479598,
    0.0656482900635263,
    0.0656482900635263,
    0.0656482900635263,
    0.07000463945645188,
    0.08117464032074949,
    0.07276045392273409,
    0.06274052788037333,
    0.060304026195930054,
    0.060304026195930054,
    0.11788872792671864,
    0.09899184998856508,
    0.09969883230934592,
    0.08955446775912533,
    0.11966664039971184,
    0.1327281394661375,
    0.1293350446899034,
    0.07298803093391434,
    0.12443705432417373,
    0.1496516259303142,
    0.1543835151945441,
    0.18205258404097657,
    0.18875991815583165,
    0.18875991815583165,
    0.1917981681778996,
    0.25312471591130964,
    0.2745620390367685,
    0.29896274923375515,
    0.39668634246059137,
    0.39513868149681514,
    0.39513868149681514,
    0.3361516926225464,
    0.37246362187318843,
    0.3320829040541197,
    0.32330936946750716,
    0.27814240687890435,
    0.28066524907032325,
    0.28066524907032325,
    0.28428101584401905,
    0.2703497289091902,
    0.2135418551732746,
    0.2629968850517502,
    0.2658162096838894,
    0.2695752865520466,
    0.2695752865520466,
    0.26574518001470476,
    0.30367527412863,
    0.29387913475414046,
    0.2618415128604916,
    0.2138346043461477,
    0.17649380993325284,
    0.17649380993325284,
    0.1742453104085218,
    0.19828437003568652,
    0.2521288647221423,
    0.2976402248466522,
    0.30342082986993885,
    0.32358770823222477,
    0.32358770823222477,
    0.32358770823222477,
    0.3406410471165964,
    0.36066787001418926,
    0.2426997592669668,
    0.2798210493073413,
    0.3162023209893021,
    0.3162023209893021,
    0.3018230183912083,
    0.3345116513758321,
    0.28243681746774474,
    0.3031793401834897,
    0.2771608348154541,
    0.22308008537286458,
    0.22308008537286458,
    0.22867729058583208,
    0.23782525520811632,
    0.1790609073861866,
    0.19523117328341977,
    0.16273094322777887,
    0.14987286414397985,
    0.14987286414397985,
    0.15251723761546,
    0.19699032105283512,
    0.2130139929636829,
    0.22419022667553345,
    0.18290056158898424,
    0.18666164820794456,
    0.18310699524276844,
    0.22183550564085272,
    0.24300811097313654,
    0.1292882213427876,
    0.16569872477569825,
    0.10024598128143153,
    0.11351131374816069,
    0.11351131374816069,
    0.0753521965658676,
    0.20205934769619563,
    0.23909679731679043,
    0.26737099187005786,
    0.2924045708159847,
    0.19030319911218813,
    0.19030319911218813,
    0.24263004822467119,
    0.24190906512734164,
    0.1556368342589467,
    0.17253334788302108,
    0.16018475725716508,
    0.1587378157070274,
    0.1587378157070274,
    0.139022344569674,
    0.11669063803194075,
    0.11667431524383465,
    0.12026447150049535,
    0.0971675862476397,
    0.048613750070996685,
    0.048613750070996685,
    0.04499582572427007,
    0.04880217879521824,
    0.061771379381210134,
    -0.009197825533374272,
    0.03391552428663436,
    0.041700023664336186,
    0.041700023664336186,
    0.02857533826153867,
    0.05725547604612293,
    0.03872819856495862,
    0.040278657306266175,
    0.06152018903621829,
    0.09007644687658739,
    0.08681111553297305,
    0.05830739012781105,
    0.08140258173294569,
    0.08032419314017389,
    0.08356073907568826,
    0.09197163113676833,
    0.06689094474482299,
    0.06369506572911214,
    0.10638678694278242,
    0.12295143874816149,
    0.1269196544265298,
    0.10649068679464399,
    0.04330692081831712,
    -0.00897613202416378,
    -0.00897613202416378,
    -0.012855694854434115,
    -0.010257770076051383,
    -0.05074510109761723,
    -0.057761137081238124,
    0.014793551675401431,
    0.014296943371757515,
    0.014296943371757515,
    0.049678888027549876,
    0.020849036410870575,
    -0.023339041023319622,
    0.0028692017715571637,
    -0.021695239661650705,
    0.012987131888186922,
    0.009952722107193949,
    0.009289759233131736,
    0.024293669135104754,
    -0.008391735544472976,
    0.01844751572905243,
    0.06524090042922216,
    0.06896297609362609,
    0.06896297609362609,
    0.07576971038531283,
    0.0975708643799815,
    0.10926782130015526,
    0.046543445350228106,
    0.04882433269843004,
    0.013836717968358789,
    0.013836717968358789,
    0.028519362720134448,
    0.03014263125544476,
    0.029141174862523805,
    0.0633443856208627,
    0.04275302613147196,
    0.03023623457921476,
    0.03023623457921476,
    0.019088779269510813,
    0.03280608786977646,
    0.005133175113424477,
    0.0041496032061137155,
    -0.0029051695049876797,
    0.00840346117679328,
    0.005382781812309622,
    0.049289011620261045,
    0.006913873068420434,
    0.07276844489377363,
    0.08591472777859671,
    0.060031561509887976,
    0.06320601782713366,
    0.06320601782713366,
    0.08137420634806931,
    0.053698832360496634,
    -0.024266159981384226,
    0.005554999141893314,
    -0.017846735372004333,
    -0.0016439004727917563,
    -0.0016439004727917563,
    -0.0016439004727917563,
    0.024881624741255656,
    -0.008219345266774508,
    -0.0025337470944698,
    -0.03323170717159137,
    -0.05651395873284,
    -0.05651395873284,
    -0.012897512728319816,
    -0.04840946805004132,
    -0.07418946025367841,
    -0.08282464375119998,
    -0.06442340956261014,
    -0.11051184092034345,
    -0.11051184092034345,
    -0.1269770605456695,
    -0.09091359222343871,
    -0.04641510679338499,
    -0.054332992058166565,
    -0.08846849744197971,
    -0.1307150325078972,
    -0.1307150325078972,
    -0.12637913611974236,
    -0.12268003346387595,
    -0.1258054415744393,
    -0.09464880701042366,
    -0.0865446057869016,
    -0.07689179744354532,
    -0.07689179744354532,
    -0.07689179744354532,
    -0.06686001858627405,
    -0.07073559394875446,
    0.033008034952557136,
    0.028510457557258995,
    0.033861629339408866
  ],
  "verdict": "PASS",
  "corr_threshold": 0.5,
  "jaccard_threshold": 0.4
}