{
  "total_return": -0.1016429895925874,
  "sortino": -5.814229993540065,
  "mean_hourly_return": -0.00014674690861136657
}