{
  "15:3": {
    "rl": {
      "lev_1.0x": {
        "total_return": 0.1561528983946523,
        "sortino": 1117.697696254318,
        "max_drawdown": -0.02837707273786925,
        "final_equity": 11561.528983946524,
        "num_trades": 84.0,
        "margin_cost_total": 0.1433298151342901,
        "margin_cost_pct": 0.001433298151342901,
        "avg_cap_ratio": 0.6113752425881103,
        "cap_ratio_std": 0.09204591014968512,
        "step_return_std": 0.004193401729310574,
        "step_return_delta_std": 0.006115000128763118
      },
      "lev_2.0x": {
        "total_return": 0.3319718359286894,
        "sortino": 1133.9629353995335,
        "max_drawdown": -0.056279168499975905,
        "final_equity": 13319.718359286893,
        "num_trades": 85.0,
        "margin_cost_total": 0.325447910940289,
        "margin_cost_pct": 0.0032544791094028898,
        "avg_cap_ratio": 0.6110545918966334,
        "cap_ratio_std": 0.09243947394346808,
        "step_return_std": 0.008389879952946863,
        "step_return_delta_std": 0.012227536069289254
      },
      "lev_3.0x": {
        "total_return": 0.5293385356204428,
        "sortino": 1141.4440709184864,
        "max_drawdown": -0.08372716868037017,
        "final_equity": 15293.385356204428,
        "num_trades": 85.0,
        "margin_cost_total": 0.6361001137812687,
        "margin_cost_pct": 0.006361001137812687,
        "avg_cap_ratio": 0.6107609049365339,
        "cap_ratio_std": 0.09280698661012368,
        "step_return_std": 0.012586657422084898,
        "step_return_delta_std": 0.018333321912411164
      },
      "lev_4.0x": {
        "total_return": 0.7508795731784608,
        "sortino": 1156.124404391331,
        "max_drawdown": -0.11073847384848955,
        "final_equity": 17508.79573178461,
        "num_trades": 85.0,
        "margin_cost_total": 1.037136172653538,
        "margin_cost_pct": 0.01037136172653538,
        "avg_cap_ratio": 0.6104901306861493,
        "cap_ratio_std": 0.09307268912887239,
        "step_return_std": 0.01679354371385864,
        "step_return_delta_std": 0.02444589378188641
      },
      "lev_5.0x": {
        "total_return": 0.9988201491134017,
        "sortino": 1170.0800798866765,
        "max_drawdown": -0.1373277372876728,
        "final_equity": 19988.201491134016,
        "num_trades": 84.0,
        "margin_cost_total": 1.5004142031005283,
        "margin_cost_pct": 0.015004142031005283,
        "avg_cap_ratio": 0.6102245379834331,
        "cap_ratio_std": 0.09331534723540558,
        "step_return_std": 0.02099478708017456,
        "step_return_delta_std": 0.030546620281900243
      }
    },
    "baseline": {
      "lev_1.0x": {
        "total_return": 0.20783920113610255,
        "sortino": 1105.4029380768911,
        "max_drawdown": -0.04786776520489108,
        "final_equity": 12078.392011361026,
        "num_trades": 80.0,
        "margin_cost_total": 3.928311577610151e-07,
        "margin_cost_pct": 3.92831157761015e-09,
        "avg_cap_ratio": 1.0,
        "cap_ratio_std": 0.0,
        "step_return_std": 0.007375926074611468,
        "step_return_delta_std": 0.010599545868124326
      },
      "lev_2.0x": {
        "total_return": 0.44908567109924724,
        "sortino": 1153.7468987794045,
        "max_drawdown": -0.09482889315291088,
        "final_equity": 14490.856710992473,
        "num_trades": 79.0,
        "margin_cost_total": 0.23966127757890404,
        "margin_cost_pct": 0.0023966127757890404,
        "avg_cap_ratio": 1.0,
        "cap_ratio_std": 0.0,
        "step_return_std": 0.01480562720722965,
        "step_return_delta_std": 0.021264332238944757
      },
      "lev_3.0x": {
        "total_return": 0.7283849647827716,
        "sortino": 1188.985184288216,
        "max_drawdown": -0.14042362285214016,
        "final_equity": 17283.849647827716,
        "num_trades": 79.0,
        "margin_cost_total": 0.5952995434704437,
        "margin_cost_pct": 0.0059529954347044365,
        "avg_cap_ratio": 1.0,
        "cap_ratio_std": 0.0,
        "step_return_std": 0.022266536702806757,
        "step_return_delta_std": 0.03196597670403341
      },
      "lev_4.0x": {
        "total_return": 1.0499508895395309,
        "sortino": 1222.798217498085,
        "max_drawdown": -0.18467503893940473,
        "final_equity": 20499.50889539531,
        "num_trades": 79.0,
        "margin_cost_total": 1.0167471447270329,
        "margin_cost_pct": 0.01016747144727033,
        "avg_cap_ratio": 1.0,
        "cap_ratio_std": 0.0,
        "step_return_std": 0.029760678383124867,
        "step_return_delta_std": 0.04270685855415451
      },
      "lev_5.0x": {
        "total_return": 1.4187385551935234,
        "sortino": 1246.5884815010863,
        "max_drawdown": -0.2273995519074385,
        "final_equity": 24187.385551935236,
        "num_trades": 79.0,
        "margin_cost_total": 1.511858356749879,
        "margin_cost_pct": 0.015118583567498789,
        "avg_cap_ratio": 1.0,
        "cap_ratio_std": 0.0,
        "step_return_std": 0.03729523982224531,
        "step_return_delta_std": 0.053494330092139455
      }
    }
  },
  "15:7": {
    "rl": {
      "lev_1.0x": {
        "total_return": 0.4897451298169584,
        "sortino": 1014.2223727400908,
        "max_drawdown": -0.02919972195346205,
        "final_equity": 14897.451298169584,
        "num_trades": 199.0,
        "margin_cost_total": 0.7953204040873703,
        "margin_cost_pct": 0.007953204040873702,
        "avg_cap_ratio": 0.6308625229124335,
        "cap_ratio_std": 0.11636693290840673,
        "step_return_std": 0.004715537802498337,
        "step_return_delta_std": 0.007066885767469211
      },
      "lev_2.0x": {
        "total_return": 1.2056750357278512,
        "sortino": 1018.600844505997,
        "max_drawdown": -0.057938694426596875,
        "final_equity": 22056.75035727851,
        "num_trades": 204.0,
        "margin_cost_total": 2.025087079288881,
        "margin_cost_pct": 0.02025087079288881,
        "avg_cap_ratio": 0.630547344528826,
        "cap_ratio_std": 0.11666517617566607,
        "step_return_std": 0.009433114622768114,
        "step_return_delta_std": 0.014138024570376407
      },
      "lev_3.0x": {
        "total_return": 2.2471860623486153,
        "sortino": 1028.8802635612324,
        "max_drawdown": -0.08614910888570979,
        "final_equity": 32471.86062348615,
        "num_trades": 205.0,
        "margin_cost_total": 4.186170225106959,
        "margin_cost_pct": 0.04186170225106959,
        "avg_cap_ratio": 0.6303446039740395,
        "cap_ratio_std": 0.11695502428826507,
        "step_return_std": 0.014156426175994608,
        "step_return_delta_std": 0.021218579382681693
      },
      "lev_4.0x": {
        "total_return": 3.7569169193237233,
        "sortino": 1033.6492367012634,
        "max_drawdown": -0.11387055064259344,
        "final_equity": 47569.169193237234,
        "num_trades": 204.0,
        "margin_cost_total": 7.450236939836777,
        "margin_cost_pct": 0.07450236939836777,
        "avg_cap_ratio": 0.6302154861861795,
        "cap_ratio_std": 0.11719922376949808,
        "step_return_std": 0.0188988627727151,
        "step_return_delta_std": 0.028326316638135816
      },
      "lev_5.0x": {
        "total_return": 5.942701682027799,
        "sortino": 1035.450067603835,
        "max_drawdown": -0.14112198662639977,
        "final_equity": 69427.01682027799,
        "num_trades": 203.0,
        "margin_cost_total": 12.106553370461281,
        "margin_cost_pct": 0.12106553370461282,
        "avg_cap_ratio": 0.6303043982856685,
        "cap_ratio_std": 0.11740259248915352,
        "step_return_std": 0.023666880726284246,
        "step_return_delta_std": 0.035469763107833494
      }
    },
    "baseline": {
      "lev_1.0x": {
        "total_return": 0.5649344228358393,
        "sortino": 965.739354371021,
        "max_drawdown": -0.047867765204891055,
        "final_equity": 15649.344228358394,
        "num_trades": 185.0,