{
  "dd01_ps0_cap05_cs1e3": {
    "3d": {
      "rl_return": 2.965509993117477,
      "rl_sortino": 845.2725502460376,
      "rl_dd": -0.13947258930201584,
      "bl_return": 1.4186829686200335,
      "bl_sortino": 1246.5993602951664,
      "bl_dd": -0.22740176368712772
    },
    "7d": {
      "rl_return": 17.897602846904434,
      "rl_sortino": 968.8779567334957,
      "rl_dd": -0.13897333475765988,
      "bl_return": 7.517595682497003,
      "bl_sortino": 1046.2309399920061,
      "bl_dd": -0.22740176368712753
    },
    "10d": {
      "rl_return": 45.890621973587606,
      "rl_sortino": 600.8989974331269,
      "rl_dd": -0.13862812266306349,
      "bl_return": 9.742369731139059,
      "bl_sortino": 973.762374665843,
      "bl_dd": -0.22740176368712928
    },
    "14d": {
      "rl_return": 104.24798075242127,
      "rl_sortino": 481.680748578093,
      "rl_dd": -0.1382856552261693,
      "bl_return": 14.645291449026015,
      "bl_sortino": 909.51551763846,
      "bl_dd": -0.22740176368712758
    },
    "30d": {
      "rl_return": 3440.4946246438385,
      "rl_sortino": 446.5054094408727,
      "rl_dd": -0.13643636432719702,
      "bl_return": 51.49826958081764,
      "bl_sortino": 858.5370198715843,
      "bl_dd": -0.22740176368712767
    }
  },
  "dd1_ps1e3_cap05": {
    "3d": {
      "rl_return": 2.4998329258247156,
      "rl_sortino": 918.8315473909068,
      "rl_dd": -0.14533256978674036,
      "bl_return": 1.4186829686200335,
      "bl_sortino": 1246.5993602951664,
      "bl_dd": -0.22740176368712772
    },
    "7d": {
      "rl_return": 15.08216051818368,
      "rl_sortino": 1003.1735173509783,
      "rl_dd": -0.14464214737679107,
      "bl_return": 7.517595682497003,
      "bl_sortino": 1046.2309399920061,
      "bl_dd": -0.22740176368712753
    },
    "10d": {
      "rl_return": 38.50680501984442,
      "rl_sortino": 620.0363016453947,
      "rl_dd": -0.14418604859749193,
      "bl_return": 9.742369731139059,
      "bl_sortino": 973.762374665843,
      "bl_dd": -0.22740176368712928
    },
    "14d": {
      "rl_return": 83.57992191802094,
      "rl_sortino": 512.8827741452179,
      "rl_dd": -0.14376761640750382,
      "bl_return": 14.645291449026015,
      "bl_sortino": 909.51551763846,
      "bl_dd": -0.22740176368712758
    },
    "30d": {
      "rl_return": 2721.7519021695302,
      "rl_sortino": 485.52530734591204,
      "rl_dd": -0.14150349081687513,
      "bl_return": 51.49826958081764,
      "bl_sortino": 858.5370198715843,
      "bl_dd": -0.22740176368712767
    }
  },
  "dd05_ps5e4_cap03": {
    "3d": {
      "rl_return": 2.310822293270577,
      "rl_sortino": 868.5010159152314,
      "rl_dd": -0.12624903418146957,
      "bl_return": 1.4186829686200335,
      "bl_sortino": 1246.5993602951664,
      "bl_dd": -0.22740176368712772
    },
    "7d": {
      "rl_return": 13.329976907278109,
      "rl_sortino": 978.9770642954652,
      "rl_dd": -0.12599149706295248,
      "bl_return": 7.517595682497003,
      "bl_sortino": 1046.2309399920061,
      "bl_dd": -0.22740176368712753
    },
    "10d": {
      "rl_return": 32.00925797317266,
      "rl_sortino": 616.2391920453073,
      "rl_dd": -0.12580225946029877,
      "bl_return": 9.742369731139059,
      "bl_sortino": 973.762374665843,
      "bl_dd": -0.22740176368712928
    },
    "14d": {
      "rl_return": 70.89170319065573,
      "rl_sortino": 486.6123397440808,
      "rl_dd": -0.12559787086955232,
      "bl_return": 14.645291449026015,
      "bl_sortino": 909.51551763846,
      "bl_dd": -0.22740176368712758
    },
    "30d": {
      "rl_return": 1969.9947721653252,
      "rl_sortino": 463.92389478075665,
      "rl_dd": -0.12446446087296281,
      "bl_return": 51.49826958081764,
      "bl_sortino": 858.5370198715843,
      "bl_dd": -0.22740176368712767
    }
  },
  "dd1_ps1e3": {
    "3d": {
      "rl_return": 1.5206316651106202,
      "rl_sortino": 691.5307894937115,
      "rl_dd": -0.12780634567393842,
      "bl_return": 1.4186829686200335,
      "bl_sortino": 1246.5993602951664,
      "bl_dd": -0.22740176368712772
    },
    "7d": {
      "rl_return": 8.846919405672374,
      "rl_sortino": 971.6411001760744,
      "rl_dd": -0.12882721882349768,
      "bl_return": 7.517595682497003,
      "bl_sortino": 1046.2309399920061,
      "bl_dd": -0.22740176368712753
    },
    "10d": {
      "rl_return": 19.251377448435885,
      "rl_sortino": 533.3748033266601,
      "rl_dd": -0.12938817986276893,
      "bl_return": 9.742369731139059,
      "bl_sortino": 973.762374665843,
      "bl_dd": -0.22740176368712928
    },
    "14d": {
      "rl_return": 44.62427108617474,
      "rl_sortino": 455.99512020461196,
      "rl_dd": -0.13003931061632854,
      "bl_return": 14.645291449026015,
      "bl_sortino": 909.51551763846,
      "bl_dd": -0.22740176368712758
    },
    "30d": {
      "rl_return": 1201.469391011563,
      "rl_sortino": 458.8704995642823,
      "rl_dd": -0.13293530700025227,
      "bl_return": 51.49826958081764,
      "bl_sortino": 858.5370198715843,
      "bl_dd": -0.22740176368712767
    }
  }
}