{
  "smooth_dd01_ps1e4": {
    "seed": 1337,
    "rl_5x_return": 9.668226532560869,
    "rl_5x_sortino": 939.3498746241785,
    "rl_5x_dd": -0.12563763135693765,
    "rl_5x_step_return_std": 0.03369585149876635,
    "rl_5x_avg_cap": 0.6387981054680755,
    "bl_5x_return": 7.517595682497003,
    "bl_5x_dd": -0.22740176368712753
  },
  "smooth_dd05_ps1e4": {
    "seed": 1337,
    "rl_5x_return": 9.42081825340194,
    "rl_5x_sortino": 971.153252717846,
    "rl_5x_dd": -0.12328129808058659,
    "rl_5x_step_return_std": 0.03332123383992221,
    "rl_5x_avg_cap": 0.6242984892083941,
    "bl_5x_return": 7.517595682497003,
    "bl_5x_dd": -0.22740176368712753
  },
  "smooth_dd1_ps1e3": {
    "seed": 1337,
    "rl_5x_return": 8.846919405672374,
    "rl_5x_sortino": 971.6411001760744,
    "rl_5x_dd": -0.12882721882349768,
    "rl_5x_step_return_std": 0.03327734540005706,
    "rl_5x_avg_cap": 0.6297070537808135,
    "bl_5x_return": 7.517595682497003,
    "bl_5x_dd": -0.22740176368712753
  },
  "smooth_dd01_ps1e3_cs1e3": {
    "seed": 1337,
    "rl_5x_return": 9.660201179457003,
    "rl_5x_sortino": 943.4333954621942,
    "rl_5x_dd": -0.12063827298400062,
    "rl_5x_step_return_std": 0.03371653620712112,
    "rl_5x_avg_cap": 0.6346465548738793,
    "bl_5x_return": 7.517595682497003,
    "bl_5x_dd": -0.22740176368712753
  }
}