{
  "cap04_cs1e3": {
    "seed": 1337,
    "ret": 17.082941729922926,
    "sortino": 900.2628659437928,
    "dd": -0.17127580917968455,
    "cap": 0.7875915824414863
  },
  "cap06_cs1e3": {
    "seed": 1337,
    "ret": 18.677442264231956,
    "sortino": 894.9121182182968,
    "dd": -0.1890095451078485,
    "cap": 0.8303916447685056
  },
  "cap07_cs1e3": {
    "seed": 1337,
    "ret": 20.26415127224388,
    "sortino": 892.539892006852,
    "dd": -0.19984918197190316,
    "cap": 0.8635766117163993
  },
  "cap05_mc005": {
    "seed": 1337,
    "ret": 17.1796140733707,
    "sortino": 892.6464115684787,
    "dd": -0.1794640508305348,
    "cap": 0.8053867723046486
  },
  "cap05_mc02": {
    "seed": 1337,
    "ret": 16.54300103191394,
    "sortino": 887.0702794187475,
    "dd": -0.17735566284214713,
    "cap": 0.7911992929360298
  },
  "cap05_mcNone": {
    "seed": 1337,
    "ret": 16.133160882404585,
    "sortino": 893.6555601924531,
    "dd": -0.17930267000277136,
    "cap": 0.7858115096238353
  },
  "cap05_cs5e4": {
    "seed": 1337,
    "ret": 17.18941263469859,
    "sortino": 898.8650280685417,
    "dd": -0.17849057795279435,
    "cap": 0.8015521042177819
  },
  "cap05_cs5e3": {
    "seed": 1337,
    "ret": 17.81500353396752,
    "sortino": 897.6286893624124,
    "dd": -0.18088329646660134,
    "cap": 0.8074239149564942
  },
  "cap05_ps1e4_cs1e3": {
    "seed": 1337,
    "ret": 17.11012196099955,
    "sortino": 895.4704269469569,
    "dd": -0.17940488166354282,
    "cap": 0.7998452485199474
  },
  "dd05_cap05_cs1e3": {
    "seed": 1337,
    "ret": 16.73124400978382,
    "sortino": 890.5625984559882,
    "dd": -0.17717491576215108,
    "cap": 0.7938628844108842
  }
}