{
  "total_return": -0.1529108743638877,
  "sortino": -9.790384917538258,
  "mean_hourly_return": -0.00022825100491942878
}