{
  "rl_only": {
    "return_pct": -1.4479794866920526,
    "final_equity": 9855.202051330794,
    "fills": 64,
    "trades": 18,
    "sortino": -8.39709840587021,
    "max_drawdown": 2.8731961796747423,
    "win_rate": 0.8333333333333334,
    "api_calls": 0,
    "elapsed_s": 0.26660728454589844
  }
}