{
  "total_return": 0.052330873087517285,
  "sortino": 3.943454194239261,
  "mean_hourly_return": 0.0002335270732179048
}