{
  "random_mut_935": {
    "current_ensemble": {
      "label": "tp05_s123",
      "med": 15.969976689678077,
      "p10": 10.805030440425881,
      "worst": 5.6154353508308485,
      "neg": 0,
      "n": 50
    },
    "candidate": {
      "label": "new_candidate",
      "med": 0.0,
      "p10": 0.0,
      "worst": 0.0,
      "neg": 0,
      "n": 50
    },
    "ensemble4": {
      "label": "tp05_s123+new",
      "med": 0.0,
      "p10": 0.0,
      "worst": 0.0,
      "neg": 0,
      "n": 50
    },
    "checkpoint": "pufferlib_market/checkpoints/autoresearch_stocks12_tp05_seedonly2/random_mut_935/best.pt",
    "raw_score_20win": -50.0
  },
  "random_mut_9893": {
    "current_ensemble": {
      "label": "tp05_s123",
      "med": 15.969976689678077,
      "p10": 10.805030440425881,
      "worst": 5.6154353508308485,
      "neg": 0,
      "n": 50
    },
    "candidate": {
      "label": "new_candidate",
      "med": 0.0,
      "p10": 0.0,
      "worst": 0.0,
      "neg": 0,
      "n": 50
    },
    "ensemble4": {
      "label": "tp05_s123+new",
      "med": 0.0,
      "p10": 0.0,
      "worst": -0.19980019980019278,
      "neg": 2,
      "n": 50
    },
    "checkpoint": "pufferlib_market/checkpoints/autoresearch_stocks12_tp05_seedonly2/random_mut_9893/best.pt",
    "raw_score_20win": -50.0
  },
  "random_mut_8143": {
    "current_ensemble": {
      "label": "tp05_s123",
      "med": 15.969976689678077,
      "p10": 10.805030440425881,
      "worst": 5.6154353508308485,
      "neg": 0,
      "n": 50
    },
    "candidate": {
      "label": "new_candidate",
      "med": 0.0,
      "p10": 0.0,
      "worst": 0.0,
      "neg": 0,
      "n": 50
    },
    "ensemble4": {
      "label": "tp05_s123+new",
      "med": 0.0,
      "p10": -0.752799540644919,
      "worst": -0.752799540644919,
      "neg": 19,
      "n": 50
    },
    "checkpoint": "pufferlib_market/checkpoints/autoresearch_stocks12_tp05_seedonly2/random_mut_8143/best.pt",
    "raw_score_20win": -50.0
  },
  "random_mut_64": {
    "current_ensemble": {
      "label": "tp05_s123",
      "med": 15.969976689678077,
      "p10": 10.805030440425881,
      "worst": 5.6154353508308485,
      "neg": 0,
      "n": 50
    },
    "candidate": {
      "label": "new_candidate",
      "med": 0.0,
      "p10": 0.0,
      "worst": 0.0,
      "neg": 0,
      "n": 50
    },
    "ensemble4": {
      "label": "tp05_s123+new",
      "med": -0.4733030019369835,
      "p10": -1.1237620592772328,
      "worst": -1.1237620592772328,
      "neg": 30,
      "n": 50
    },
    "checkpoint": "pufferlib_market/checkpoints/autoresearch_stocks12_tp05_seedonly2/random_mut_64/best.pt",
    "raw_score_20win": -50.0
  },
  "random_mut_229": {
    "current_ensemble": {
      "label": "tp05_s123",
      "med": 15.969976689678077,
      "p10": 10.805030440425881,
      "worst": 5.6154353508308485,
      "neg": 0,
      "n": 50
    },
    "candidate": {
      "label": "new_candidate",
      "med": 0.0,
      "p10": 0.0,
      "worst": 0.0,
      "neg": 0,
      "n": 50
    },
    "ensemble4": {
      "label": "tp05_s123+new",
      "med": -0.19980019980019278,
      "p10": -0.752799540644919,
      "worst": -0.752799540644919,
      "neg": 27,
      "n": 50
    },
    "checkpoint": "pufferlib_market/checkpoints/autoresearch_stocks12_tp05_seedonly2/random_mut_229/best.pt",
    "raw_score_20win": -50.0
  },
  "random_mut_1875": {
    "current_ensemble": {
      "label": "tp05_s123",
      "med": 15.969976689678077,
      "p10": 10.805030440425881,
      "worst": 5.6154353508308485,
      "neg": 0,
      "n": 50
    },
    "candidate": {
      "label": "new_candidate",
      "med": 0.0,
      "p10": 0.0,
      "worst": 0.0,
      "neg": 0,
      "n": 50
    },
    "ensemble4": {
      "label": "tp05_s123+new",
      "med": 0.0,
      "p10": 0.0,
      "worst": 0.0,
      "neg": 0,
      "n": 50
    },
    "checkpoint": "pufferlib_market/checkpoints/autoresearch_stocks12_tp05_seedonly2/random_mut_1875/best.pt",
    "raw_score_20win": -50.0
  },
  "random_mut_7537": {
    "current_ensemble": {
      "label": "tp05_s123",
      "med": 15.969976689678077,
      "p10": 10.805030440425881,
      "worst": 5.6154353508308485,
      "neg": 0,
      "n": 50
    },
    "candidate": {
      "label": "new_candidate",
      "med": 0.0,
      "p10": 0.0,
      "worst": 0.0,
      "neg": 0,
      "n": 50
    },
    "ensemble4": {
      "label": "tp05_s123+new",
      "med": 0.0,
      "p10": 0.0,
      "worst": -0.19980019980019278,
      "neg": 2,
      "n": 50
    },
    "checkpoint": "pufferlib_market/checkpoints/autoresearch_stocks12_tp05_seedonly2/random_mut_7537/best.pt",
    "raw_score_20win": -50.0
  },
  "random_mut_8270": {
    "current_ensemble": {
      "label": "tp05_s123",
      "med": 15.969976689678077,
      "p10": 10.805030440425881,
      "worst": 5.6154353508308485,
      "neg": 0,
      "n": 50
    },
    "candidate": {
      "label": "new_candidate",
      "med": 0.0,
      "p10": 0.0,
      "worst": 0.0,
      "neg": 0,
      "n": 50
    },
    "ensemble4": {
      "label": "tp05_s123+new",
      "med": 0.0,
      "p10": 0.0,
      "worst": -0.19980019980019278,
      "neg": 1,
      "n": 50
    },
    "checkpoint": "pufferlib_market/checkpoints/autoresearch_stocks12_tp05_seedonly2/random_mut_8270/best.pt",
    "raw_score_20win": -50.0
  },
  "random_mut_7789": {
    "current_ensemble": {
      "label": "tp05_s123",
      "med": 15.969976689678077,
      "p10": 10.805030440425881,
      "worst": 5.6154353508308485,
      "neg": 0,
      "n": 50
    },
    "candidate": {
      "label": "new_candidate",
      "med": 0.0,
      "p10": 0.0,
      "worst": 0.0,
      "neg": 0,
      "n": 50
    },
    "ensemble4": {
      "label": "tp05_s123+new",
      "med": 3.267736754997968,
      "p10": -0.7692871331202259,
      "worst": -3.915999765951783,
      "neg": 11,
      "n": 50
    },
    "checkpoint": "pufferlib_market/checkpoints/autoresearch_stocks12_tp05_seedonly2/random_mut_7789/best.pt",
    "raw_score_20win": -50.0
  }
}