{
  "random_mut_8530": {
    "current_ensemble": {
      "label": "tp05_s123",
      "med": 15.969976689678077,
      "p10": 10.805030440425881,
      "worst": 5.6154353508308485,
      "neg": 0,
      "n": 50
    },
    "candidate": {
      "label": "new_candidate",
      "med": -1.1023962792275872,
      "p10": -6.44558779657953,
      "worst": -9.122001988987995,
      "neg": 27,
      "n": 50
    },
    "ensemble4": {
      "label": "tp05_s123+new",
      "med": -13.470556513361007,
      "p10": -25.021432005464312,
      "worst": -35.70356104413518,
      "neg": 44,
      "n": 50
    },
    "checkpoint": "pufferlib_market/checkpoints/autoresearch_stocks12_ext_focused1/random_mut_8530/best.pt",
    "raw_score_20win": -53.64485750973941
  },
  "trade_pen_high": {
    "current_ensemble": {
      "label": "tp05_s123",
      "med": 15.969976689678077,
      "p10": 10.805030440425881,
      "worst": 5.6154353508308485,
      "neg": 0,
      "n": 50
    },
    "candidate": {
      "label": "new_candidate",
      "med": 0.0,
      "p10": 0.0,
      "worst": 0.0,
      "neg": 0,
      "n": 50
    },
    "ensemble4": {
      "label": "tp05_s123+new",
      "med": 0.0,
      "p10": 0.0,
      "worst": 0.0,
      "neg": 0,
      "n": 50
    },
    "checkpoint": "pufferlib_market/checkpoints/autoresearch_stocks12_ext_focused1/trade_pen_high/best.pt",
    "raw_score_20win": -50.0
  },
  "trade_pen_vhigh": {
    "current_ensemble": {
      "label": "tp05_s123",
      "med": 15.969976689678077,
      "p10": 10.805030440425881,
      "worst": 5.6154353508308485,
      "neg": 0,
      "n": 50
    },
    "candidate": {
      "label": "new_candidate",
      "med": 0.0,
      "p10": 0.0,
      "worst": 0.0,
      "neg": 0,
      "n": 50
    },
    "ensemble4": {
      "label": "tp05_s123+new",
      "med": 0.0,
      "p10": 0.0,
      "worst": 0.0,
      "neg": 0,
      "n": 50
    },
    "checkpoint": "pufferlib_market/checkpoints/autoresearch_stocks12_ext_focused1/trade_pen_vhigh/best.pt",
    "raw_score_20win": -50.0
  },
  "combined_smooth": {
    "current_ensemble": {
      "label": "tp05_s123",
      "med": 15.969976689678077,
      "p10": 10.805030440425881,
      "worst": 5.6154353508308485,
      "neg": 0,
      "n": 50
    },
    "candidate": {
      "label": "new_candidate",
      "med": 0.0,
      "p10": 0.0,
      "worst": 0.0,
      "neg": 0,
      "n": 50
    },
    "ensemble4": {
      "label": "tp05_s123+new",
      "med": 0.0,
      "p10": 0.0,
      "worst": 0.0,
      "neg": 0,
      "n": 50
    },
    "checkpoint": "pufferlib_market/checkpoints/autoresearch_stocks12_ext_focused1/combined_smooth/best.pt",
    "raw_score_20win": -50.0
  },
  "sortino_sds_pen": {
    "current_ensemble": {
      "label": "tp05_s123",
      "med": 15.969976689678077,
      "p10": 10.805030440425881,
      "worst": 5.6154353508308485,
      "neg": 0,
      "n": 50
    },
    "candidate": {
      "label": "new_candidate",
      "med": 0.0,
      "p10": 0.0,
      "worst": 0.0,
      "neg": 0,
      "n": 50
    },
    "ensemble4": {
      "label": "tp05_s123+new",
      "med": 15.890927901418017,
      "p10": 7.141147882778773,
      "worst": 1.841091045337962,
      "neg": 0,
      "n": 50
    },
    "checkpoint": "pufferlib_market/checkpoints/autoresearch_stocks12_ext_focused1/sortino_sds_pen/best.pt",
    "raw_score_20win": -50.0
  }
}