{
  "random_mut_6832": {
    "current_ensemble": {
      "label": "tp05_s123",
      "med": 15.969976689678077,
      "p10": 10.805030440425881,
      "worst": 5.6154353508308485,
      "neg": 0,
      "n": 50
    },
    "candidate": {
      "label": "new_candidate",
      "med": 0.0,
      "p10": 0.0,
      "worst": 0.0,
      "neg": 0,
      "n": 50
    },
    "ensemble4": {
      "label": "tp05_s123+new",
      "med": 0.0,
      "p10": 0.0,
      "worst": 0.0,
      "neg": 0,
      "n": 50
    },
    "checkpoint": "pufferlib_market/checkpoints/autoresearch_stocks12_tp05_family2/random_mut_6832/best.pt",
    "raw_score_20win": -50.0
  },
  "random_mut_7803": {
    "current_ensemble": {
      "label": "tp05_s123",
      "med": 15.969976689678077,
      "p10": 10.805030440425881,
      "worst": 5.6154353508308485,
      "neg": 0,
      "n": 50
    },
    "candidate": {
      "label": "new_candidate",
      "med": 0.0,
      "p10": 0.0,
      "worst": 0.0,
      "neg": 0,
      "n": 50
    },
    "ensemble4": {
      "label": "tp05_s123+new",
      "med": 0.0,
      "p10": -0.2551001338846652,
      "worst": -0.752799540644919,
      "neg": 8,
      "n": 50
    },
    "checkpoint": "pufferlib_market/checkpoints/autoresearch_stocks12_tp05_family2/random_mut_7803/best.pt",
    "raw_score_20win": -50.0
  },
  "random_mut_9845": {
    "current_ensemble": {
      "label": "tp05_s123",
      "med": 15.969976689678077,
      "p10": 10.805030440425881,
      "worst": 5.6154353508308485,
      "neg": 0,
      "n": 50
    },
    "candidate": {
      "label": "new_candidate",
      "med": 0.0,
      "p10": 0.0,
      "worst": 0.0,
      "neg": 0,
      "n": 50
    },
    "ensemble4": {
      "label": "tp05_s123+new",
      "med": 2.4363629384191974,
      "p10": -0.6497133057418705,
      "worst": -3.915999765951783,
      "neg": 12,
      "n": 50
    },
    "checkpoint": "pufferlib_market/checkpoints/autoresearch_stocks12_tp05_family2/random_mut_9845/best.pt",
    "raw_score_20win": -50.0
  },
  "random_mut_459": {
    "current_ensemble": {
      "label": "tp05_s123",
      "med": 15.969976689678077,
      "p10": 10.805030440425881,
      "worst": 5.6154353508308485,
      "neg": 0,
      "n": 50
    },
    "candidate": {
      "label": "new_candidate",
      "med": 0.0,
      "p10": 0.0,
      "worst": 0.0,
      "neg": 0,
      "n": 50
    },
    "ensemble4": {
      "label": "tp05_s123+new",
      "med": 4.039503060921033,
      "p10": -1.1237620592772328,
      "worst": -3.1483071193611614,
      "neg": 13,
      "n": 50
    },
    "checkpoint": "pufferlib_market/checkpoints/autoresearch_stocks12_tp05_family2/random_mut_459/best.pt",
    "raw_score_20win": -50.0
  },
  "random_mut_9617": {
    "current_ensemble": {
      "label": "tp05_s123",
      "med": 15.969976689678077,
      "p10": 10.805030440425881,
      "worst": 5.6154353508308485,
      "neg": 0,
      "n": 50
    },
    "candidate": {
      "label": "new_candidate",
      "med": 0.0,
      "p10": 0.0,
      "worst": 0.0,
      "neg": 0,
      "n": 50
    },
    "ensemble4": {
      "label": "tp05_s123+new",
      "med": 3.4747247851353498,
      "p10": -1.45896356647743,
      "worst": -2.481145056828354,
      "neg": 11,
      "n": 50
    },
    "checkpoint": "pufferlib_market/checkpoints/autoresearch_stocks12_tp05_family2/random_mut_9617/best.pt",
    "raw_score_20win": -50.0
  },
  "random_mut_3776": {
    "current_ensemble": {
      "label": "tp05_s123",
      "med": 15.969976689678077,
      "p10": 10.805030440425881,
      "worst": 5.6154353508308485,
      "neg": 0,
      "n": 50
    },
    "candidate": {
      "label": "new_candidate",
      "med": 0.0,
      "p10": 0.0,
      "worst": 0.0,
      "neg": 0,
      "n": 50
    },
    "ensemble4": {
      "label": "tp05_s123+new",
      "med": 4.8302155094562655,
      "p10": 3.0380956900940204,
      "worst": -1.1237620592772328,
      "neg": 2,
      "n": 50
    },
    "checkpoint": "pufferlib_market/checkpoints/autoresearch_stocks12_tp05_family2/random_mut_3776/best.pt",
    "raw_score_20win": -50.0
  },
  "random_mut_7878": {
    "current_ensemble": {
      "label": "tp05_s123",
      "med": 15.969976689678077,
      "p10": 10.805030440425881,
      "worst": 5.6154353508308485,
      "neg": 0,
      "n": 50
    },
    "candidate": {
      "label": "new_candidate",
      "med": 0.0,
      "p10": 0.0,
      "worst": 0.0,
      "neg": 0,
      "n": 50
    },
    "ensemble4": {
      "label": "tp05_s123+new",
      "med": 3.0877158866721035,
      "p10": -1.1013537883223996,
      "worst": -2.2859121139992022,
      "neg": 20,
      "n": 50
    },
    "checkpoint": "pufferlib_market/checkpoints/autoresearch_stocks12_tp05_family2/random_mut_7878/best.pt",
    "raw_score_20win": -50.0
  },
  "random_mut_7439": {
    "current_ensemble": {
      "label": "tp05_s123",
      "med": 15.969976689678077,
      "p10": 10.805030440425881,
      "worst": 5.6154353508308485,
      "neg": 0,
      "n": 50
    },
    "candidate": {
      "label": "new_candidate",
      "med": 0.0,
      "p10": -0.2209189384572346,
      "worst": -0.2209189384572346,
      "neg": 9,
      "n": 50
    },
    "ensemble4": {
      "label": "tp05_s123+new",
      "med": 15.287521637270556,
      "p10": 7.321238080340378,
      "worst": 5.379538337263785,
      "neg": 0,
      "n": 50
    },
    "checkpoint": "pufferlib_market/checkpoints/autoresearch_stocks12_tp05_family2/random_mut_7439/best.pt",
    "raw_score_20win": -48.5184431689248
  },
  "random_mut_5246": {
    "current_ensemble": {
      "label": "tp05_s123",
      "med": 15.969976689678077,
      "p10": 10.805030440425881,
      "worst": 5.6154353508308485,
      "neg": 0,
      "n": 50
    },
    "candidate": {
      "label": "new_candidate",
      "med": 0.0,
      "p10": 0.0,
      "worst": 0.0,
      "neg": 0,
      "n": 50
    },
    "ensemble4": {
      "label": "tp05_s123+new",
      "med": -0.37377630493892866,
      "p10": -0.752799540644919,
      "worst": -0.752799540644919,
      "neg": 33,
      "n": 50
    },
    "checkpoint": "pufferlib_market/checkpoints/autoresearch_stocks12_tp05_family2/random_mut_5246/best.pt",
    "raw_score_20win": -50.0
  },
  "random_mut_4669": {
    "current_ensemble": {
      "label": "tp05_s123",
      "med": 15.969976689678077,
      "p10": 10.805030440425881,
      "worst": 5.6154353508308485,
      "neg": 0,
      "n": 50
    },
    "candidate": {
      "label": "new_candidate",
      "med": 0.0,
      "p10": 0.0,
      "worst": 0.0,
      "neg": 0,
      "n": 50
    },
    "ensemble4": {
      "label": "tp05_s123+new",
      "med": 0.0,
      "p10": 0.0,
      "worst": -0.19980019980019278,
      "neg": 2,
      "n": 50
    },
    "checkpoint": "pufferlib_market/checkpoints/autoresearch_stocks12_tp05_family2/random_mut_4669/best.pt",
    "raw_score_20win": -50.0
  },
  "random_mut_1518": {
    "current_ensemble": {
      "label": "tp05_s123",
      "med": 15.969976689678077,
      "p10": 10.805030440425881,
      "worst": 5.6154353508308485,
      "neg": 0,
      "n": 50
    },
    "candidate": {
      "label": "new_candidate",
      "med": 0.0,
      "p10": 0.0,
      "worst": 0.0,
      "neg": 0,
      "n": 50
    },
    "ensemble4": {
      "label": "tp05_s123+new",
      "med": 0.0,
      "p10": 0.0,
      "worst": 0.0,
      "neg": 0,
      "n": 50
    },
    "checkpoint": "pufferlib_market/checkpoints/autoresearch_stocks12_tp05_family2/random_mut_1518/best.pt",
    "raw_score_20win": -50.0
  },
  "random_mut_4783": {
    "current_ensemble": {
      "label": "tp05_s123",
      "med": 15.969976689678077,
      "p10": 10.805030440425881,
      "worst": 5.6154353508308485,
      "neg": 0,
      "n": 50
    },
    "candidate": {
      "label": "new_candidate",
      "med": 0.0,
      "p10": 0.0,
      "worst": 0.0,
      "neg": 0,
      "n": 50
    },
    "ensemble4": {
      "label": "tp05_s123+new",
      "med": 0.0,
      "p10": 0.0,
      "worst": 0.0,