name,checkpoint,daily_return_pct,daily_sortino,daily_max_dd_pct,hourly_replay_return_pct,hourly_replay_sortino,hourly_replay_max_dd_pct,hourly_policy_return_pct,hourly_policy_sortino,hourly_policy_max_dd_pct
ent_anneal,pufferlib_market/checkpoints/mixed23_fresh_replay/ent_anneal/best.pt,62.368688279459604,8.923733532176636,15.538701258126602,8.017693753522034,1.0103424325618056,34.77380319929813,-65.55680891497043,-7.5268705862685525,65.81030087626121
reg_combo_2,pufferlib_market/checkpoints/mixed23_fresh_targeted/reg_combo_2/best.pt,30.241110964089312,4.215273283532887,21.593127951969592,27.529402246029335,2.160276176760618,34.212028199782814,-47.06439391585668,-4.716470407178936,54.05408932754702
wd_01,pufferlib_market/checkpoints/mixed23_fresh_replay/wd_01/best.pt,13.251355881799991,2.397798957525225,20.189622189194747,11.106874309239338,1.268122782235606,26.52487731386501,-37.58630249637261,-3.4326145665443777,50.851721385995
clip_vloss,pufferlib_market/checkpoints/mixed23_fresh_replay/clip_vloss/best.pt,-23.73433932836645,-2.2565425245153348,27.009135390290556,-11.762308434904208,-0.6290108035351836,22.010240027188452,-51.19891872584723,-4.920374522242253,51.15006879464188
