{
  "total_return": 0.02827987910538011,
  "sortino": 14.587346328563175,
  "mean_hourly_return": 5.697528401798786e-05
}