trial,description,rank_metric,rank_score,val_return,val_sortino,val_wr,val_profitable_pct,train_return,train_sortino,train_wr,train_steps,elapsed_s,error,holdout_error,market_validation_error,holdout_robust_score,holdout_return_mean_pct,holdout_return_p25_pct,holdout_return_worst_pct,holdout_sortino_p25,holdout_max_drawdown_worst_pct,holdout_negative_return_rate,holdout_median_return_pct,holdout_p10_return_pct,holdout_median_sortino,holdout_p90_max_drawdown_pct,market_return_pct,market_sortino,market_max_drawdown_pct,market_trade_count,market_goodness_score,hidden_size,lr,ent_coef,weight_decay,fill_slippage_bps,obs_norm,anneal_lr,anneal_ent,anneal_clip,lr_schedule,arch,fee_rate,trade_penalty,gamma
0,baseline_anneal_lr,holdout_robust_score,-181.64640604350092,0.3009,2.51,0.5815,100.0,121.8836,38.52,0.91,6520832,301.202476978302,,,,-181.64640604350092,7.024319934753743,-18.47871740295247,-57.608434147439304,-0.4838789301350872,61.63923004394848,0.45,5.3645567550988105,-45.79871520224585,0.9615364176981357,52.48394930680853,,,,,,1024,0.0003,0.05,0.0,0.0,False,True,False,False,none,mlp,0.0,0.0,0.99
1,obs_norm,holdout_robust_score,-130.42956196453608,0.0324,0.77,0.5479,77.0,406.9831,57.15,0.93,5767168,300.3866055011749,,,,-130.42956196453608,27.925301606780977,-18.245118420948078,-33.14378186270675,-0.8199290797863535,56.47988932286106,0.35,9.620378421367823,-31.51296796315335,1.2817569561598485,56.47988932286104,,,,,,1024,0.0003,0.05,0.0,0.0,True,True,False,False,none,mlp,0.0,0.0,0.99
2,cosine_lr,holdout_robust_score,-189.9041982406757,-0.2483,-0.08,0.5477,0.0,4.9567,11.86,0.66,6488064,301.520382642746,,,,-189.9041982406757,-20.499313705616608,-33.084404838022316,-40.32962252322113,-1.4269439312561545,53.29583777086499,0.8,-28.09827756473366,-37.20851266510724,-1.193795664827024,53.29583777086497,,,,,,1024,0.0003,0.05,0.0,0.0,False,True,False,False,cosine,mlp,0.0,0.0,0.99
