{
  "epoch": 6,
  "train_objective": 5.277202606201172,
  "train_summary": {
    "drawdown_excess": 0.0,
    "max_drawdown": 0.13401414453983307,
    "max_gross": 2.903700351715088,
    "mean_gross": 0.17089161276817322,
    "objective": 5.277202606201172,
    "sortino": 11.709575653076172,
    "total_return": 3.8286967277526855,
    "turnover_mean": 0.29454508423805237
  },
  "val_objective": 0.061862774193286896,
  "val_summary": {
    "drawdown_excess": 0.0,
    "max_drawdown": 0.08330816775560379,
    "max_gross": 3.5825016498565674,
    "mean_gross": 0.1390499323606491,
    "objective": 0.061862774193286896,
    "sortino": 1.2960255146026611,
    "total_return": 0.08538806438446045,
    "turnover_mean": 0.24853430688381195
  }
}