{
  "total_return":-0.0145357228,
  "sortino":-1.343500627,
  "mean_hourly_return":-0.0001510116,
  "financing_cost_paid":1.6357016328
}