{
  "3d": {
    "1x": {
      "base": {
        "total_return": 0.28152503298955067,
        "sortino": 190.973882187368,
        "max_drawdown": -0.008654936238607702,
        "final_equity": 6407.625164947754,
        "num_trades": 106,
        "margin_cost_total": 0.0009988145843586244,
        "margin_cost_pct": 1.997629168717249e-05
      },
      "probe": {
        "total_return": 0.28152503298955067,
        "sortino": 190.973882187368,
        "max_drawdown": -0.008654936238607702,
        "final_equity": 6407.625164947754,
        "num_trades": 106,
        "full_trades": 106,
        "probe_trades": 0,
        "probe_switches": 0,
        "probe_wins": 0,
        "margin_cost_total": 0.0009988145843586244,
        "margin_cost_pct": 1.997629168717249e-05
      }
    },
    "2x": {
      "base": {
        "total_return": 0.6404545414934204,
        "sortino": 192.62660039997004,
        "max_drawdown": -0.017228372913701648,
        "final_equity": 8202.272707467102,
        "num_trades": 103,
        "margin_cost_total": 0.36864600887665117,
        "margin_cost_pct": 0.007372920177533024
      },
      "probe": {
        "total_return": 0.6404545414934204,
        "sortino": 192.62660039997004,
        "max_drawdown": -0.017228372913701648,
        "final_equity": 8202.272707467102,
        "num_trades": 103,
        "full_trades": 103,
        "probe_trades": 0,
        "probe_switches": 0,
        "probe_wins": 0,
        "margin_cost_total": 0.36864600887665117,
        "margin_cost_pct": 0.007372920177533024
      }
    },
    "3x": {
      "base": {
        "total_return": 1.0975784476801067,
        "sortino": 194.30838679414543,
        "max_drawdown": -0.02571651164282425,
        "final_equity": 10487.892238400535,
        "num_trades": 103,
        "margin_cost_total": 0.8311679205016341,
        "margin_cost_pct": 0.016623358410032683
      },
      "probe": {
        "total_return": 1.0975784476801067,
        "sortino": 194.30838679414543,
        "max_drawdown": -0.02571651164282425,
        "final_equity": 10487.892238400535,
        "num_trades": 103,
        "full_trades": 103,
        "probe_trades": 0,
        "probe_switches": 0,
        "probe_wins": 0,
        "margin_cost_total": 0.8311679205016341,
        "margin_cost_pct": 0.016623358410032683
      }
    },
    "4x": {
      "base": {
        "total_return": 1.6789786127416173,
        "sortino": 195.98363759561946,
        "max_drawdown": -0.03412061883041361,
        "final_equity": 13394.893063708087,
        "num_trades": 103,
        "margin_cost_total": 1.406573669160229,
        "margin_cost_pct": 0.02813147338320458
      },
      "probe": {
        "total_return": 1.6789786127416173,
        "sortino": 195.98363759561946,
        "max_drawdown": -0.03412061883041361,
        "final_equity": 13394.893063708087,
        "num_trades": 103,
        "full_trades": 103,
        "probe_trades": 0,
        "probe_switches": 0,
        "probe_wins": 0,
        "margin_cost_total": 1.406573669160229,
        "margin_cost_pct": 0.02813147338320458
      }
    },
    "5x": {
      "base": {
        "total_return": 2.417430423606066,
        "sortino": 197.64620289750025,
        "max_drawdown": -0.04244193618316489,
        "final_equity": 17087.15211803033,
        "num_trades": 103,
        "margin_cost_total": 2.116783051173651,
        "margin_cost_pct": 0.04233566102347302
      },
      "probe": {
        "total_return": 2.417430423606066,
        "sortino": 197.64620289750025,
        "max_drawdown": -0.04244193618316489,
        "final_equity": 17087.15211803033,
        "num_trades": 103,
        "full_trades": 103,
        "probe_trades": 0,
        "probe_switches": 0,
        "probe_wins": 0,
        "margin_cost_total": 2.116783051173651,
        "margin_cost_pct": 0.04233566102347302
      }
    }
  },
  "7d": {
    "1x": {
      "base": {
        "total_return": 0.6910698490257214,
        "sortino": 140.73850203018995,
        "max_drawdown": -0.009413148436975688,
        "final_equity": 8455.349245128607,
        "num_trades": 235,
        "margin_cost_total": 0.003922691285778453,
        "margin_cost_pct": 7.845382571556906e-05
      },
      "probe": {
        "total_return": 0.6910773748886736,
        "sortino": 140.7396864362893,
        "max_drawdown": -0.009413148436975688,
        "final_equity": 8455.386874443368,
        "num_trades": 231,
        "full_trades": 229,
        "probe_trades": 1,
        "probe_switches": 1,
        "probe_wins": 1,
        "margin_cost_total": 0.003922705586205287,
        "margin_cost_pct": 7.845411172410573e-05
      }
    },
    "2x": {
      "base": {
        "total_return": 1.854389257410535,
        "sortino": 142.08377773472913,
        "max_drawdown": -0.018737497129315675,
        "final_equity": 14271.946287052675,
        "num_trades": 232,
        "margin_cost_total": 1.1338345177225653,
        "margin_cost_pct": 0.022676690354451304
      },
      "probe": {
        "total_return": 1.8543987673611562,
        "sortino": 142.0842231774649,
        "max_drawdown": -0.018737497129315675,
        "final_equity": 14271.993836805781,
        "num_trades": 228,
        "full_trades": 226,
        "probe_trades": 1,
        "probe_switches": 1,
        "probe_wins": 1,
        "margin_cost_total": 1.1338375630124131,
        "margin_cost_pct": 0.022676751260248262
      }
    },
    "3x": {
      "base": {
        "total_return": 3.809935831736845,
        "sortino": 143.47191129671364,
        "max_drawdown": -0.02797182693484143,
        "final_equity": 24049.679158684226,
        "num_trades": 233,
        "margin_cost_total": 3.0727831198523123,
        "margin_cost_pct": 0.061455662397046244
      },
      "probe": {
        "total_return": 3.8099469700687383,
        "sortino": 143.47211869440642,
        "max_drawdown": -0.02797182693484143,
        "final_equity": 24049.73485034369,
        "num_trades": 229,
        "full_trades": 227,
        "probe_trades": 1,
        "probe_switches": 1,
        "probe_wins": 1,
        "margin_cost_total": 3.0727891013876065,
        "margin_cost_pct": 0.061455782027752134
      }
    },
    "4x": {
      "base": {
        "total_return": 7.090656212212293,
        "sortino": 144.87094663577986,
        "max_drawdown": -0.03711743395475086,
        "final_equity": 40453.28106106146,
        "num_trades": 234,
        "margin_cost_total": 6.323380230098607,
        "margin_cost_pct": 0.12646760460197215
      },
      "probe": {
        "total_return": 7.090667433741817,
        "sortino": 144.87104025072279,
        "max_drawdown": -0.03711743395475086,
        "final_equity": 40453.33716870909,
        "num_trades": 230,
        "full_trades": 228,
        "probe_trades": 1,
        "probe_switches": 1,
        "probe_wins": 1,
        "margin_cost_total": 6.323387871483548,
        "margin_cost_pct": 0.12646775742967098
      }
    },
    "5x": {
      "base": {
        "total_return": 12.583087403736084,
        "sortino": 146.2726911701367,
        "max_drawdown": -0.04617559073910293,
        "final_equity": 67915.43701868042,
        "num_trades": 234,
        "margin_cost_total": 11.705635905408535,
        "margin_cost_pct": 0.2341127181081707
      },
      "probe": {
        "total_return": 12.583094636721459,
        "sortino": 146.27272006165552,
        "max_drawdown": -0.04617559073910293,
        "final_equity": 67915.47318360729,
        "num_trades": 230,
        "full_trades": 228,
        "probe_trades": 1,
        "probe_switches": 1,
        "probe_wins": 1,
        "margin_cost_total": 11.705641498144377,
        "margin_cost_pct": 0.23411282996288757
      }
    }
  },
  "10d": {
    "1x": {
      "base": {
        "total_return": 1.14717182681483,
        "sortino": 164.6966837841534,
        "max_drawdown": -0.009413148436975582,
        "final_equity": 10735.859134074151,
        "num_trades": 342,