{
  "total_return":-0.0043122691,
  "sortino":-0.4848837049,
  "mean_hourly_return":-0.0000413174,
  "financing_cost_paid":1.8270536108
}