{
  "total_return":-0.0503870955,
  "sortino":-2.4846500819,
  "mean_hourly_return":-0.0005434168,
  "financing_cost_paid":1.6783236516
}