{
  "total_return":0.0124072789,
  "sortino":1.6274939473,
  "mean_hourly_return":0.0001456536,
  "financing_cost_paid":0.4357133569
}