{
  "total_return":0.0715310853,
  "sortino":3.8136893558,
  "mean_hourly_return":0.0003997768,
  "financing_cost_paid":1.6741250075
}