{
  "AAPL": {
    "average_holding_seconds": 36000.0,
    "average_slip_bps": 55.808501803994,
    "buy_trades": 6,
    "cash_delta": -1072.5989334817907,
    "fees": 36.622452053359766,
    "gross_notional": 73244.90410671952,
    "holding_cycles": 4,
    "sell_trades": 6,
    "slip_bps_sum": 669.702021647928,
    "total_qty": 369.97737044833525,
    "trades": 12
  },
  "MSFT": {
    "average_holding_seconds": 68400.0,
    "average_slip_bps": 65.56622046008732,
    "buy_trades": 2,
    "cash_delta": 28.43286629847026,
    "fees": 0.4217805469178788,
    "gross_notional": 843.5610938357574,
    "holding_cycles": 2,
    "sell_trades": 2,
    "slip_bps_sum": 262.2648818403493,
    "total_qty": 4.0,
    "trades": 4
  },
  "NVDA": {
    "average_holding_seconds": 48000.0,
    "average_slip_bps": 56.22066624265718,
    "buy_trades": 3,
    "cash_delta": 4.303394370492782,
    "fees": 0.4213225189231313,
    "gross_notional": 842.6450378462625,
    "holding_cycles": 3,
    "sell_trades": 3,
    "slip_bps_sum": 337.3239974559431,
    "total_qty": 6.0,
    "trades": 6
  },
  "__overall__": {
    "average_holding_seconds": 47200.0,
    "average_slip_bps": 57.69504095201001,
    "buy_trades": 11,
    "cash_delta": -1039.8626728128277,
    "fees": 37.46555511920077,
    "gross_notional": 74931.11023840154,
    "holding_cycles": 9,
    "sell_trades": 11,
    "slip_bps_sum": 1269.2909009442203,
    "total_qty": 379.97737044833525,
    "trades": 22,
    "worst_cumulative_cash": -23115.203479922944
  }
}