{
  "AAPL": {
    "average_holding_seconds": 48000.0,
    "average_slip_bps": 62.93110458718989,
    "buy_trades": 3,
    "cash_delta": -832.7009560283186,
    "fees": 10.909827511442149,
    "gross_notional": 21819.655022884297,
    "holding_cycles": 3,
    "sell_trades": 6,
    "slip_bps_sum": 566.379941284709,
    "total_qty": 115.9594520005349,
    "trades": 9
  },
  "MSFT": {
    "average_holding_seconds": 68400.0,
    "average_slip_bps": 59.70497319962559,
    "buy_trades": 6,
    "cash_delta": -38.36672304942658,
    "fees": 58.945143688585055,
    "gross_notional": 117890.28737717008,
    "holding_cycles": 2,
    "sell_trades": 3,
    "slip_bps_sum": 537.3447587966303,
    "total_qty": 545.1871863691107,
    "trades": 9
  },
  "NVDA": {
    "average_holding_seconds": 9600.0,
    "average_slip_bps": 57.37710714915039,
    "buy_trades": 3,
    "cash_delta": -204.55678364712276,
    "fees": 7.730761972759131,
    "gross_notional": 15461.523945518264,
    "holding_cycles": 3,
    "sell_trades": 3,
    "slip_bps_sum": 344.26264289490234,
    "total_qty": 118.26446128254858,
    "trades": 6
  },
  "__overall__": {
    "average_holding_seconds": 38700.0,
    "average_slip_bps": 60.3328059573434,
    "buy_trades": 12,
    "cash_delta": -1075.624462724868,
    "fees": 77.58573317278633,
    "gross_notional": 155171.46634557264,
    "holding_cycles": 8,
    "sell_trades": 12,
    "slip_bps_sum": 1447.9873429762417,
    "total_qty": 779.4110996521941,
    "trades": 24,
    "worst_cumulative_cash": -23872.74234622658
  }
}