{
  "balance": 99491.97376984864,
  "cash": 99491.97376984864,
  "fees_paid": 61.999526398847955,
  "flatten_end": true,
  "initial_cash": 100000.0,
  "kronos_only": true,
  "kronos_sharpe_cutoff": -1.0,
  "max_drawdown": 649.2565280621784,
  "max_drawdown_pct": 0.006483513459829149,
  "mode": "simulation",
  "pnl": -508.0262301513576,
  "real_analytics": true,
  "return": -0.005080262301513576,
  "sharpe": -3.3341252866567257,
  "sharpe_cutoff": null,
  "step_size": 1,
  "steps": 20,
  "symbols": [
    "AAPL",
    "MSFT",
    "NVDA"
  ],
  "top_k": 4
}