{
  "MSFT": {
    "average_holding_seconds": 13200.0,
    "average_slip_bps": 45.62985310843234,
    "buy_trades": 6,
    "cash_delta": -36.02313973345346,
    "fees": 1.2690235809449493,
    "gross_notional": 2538.047161889899,
    "holding_cycles": 6,
    "sell_trades": 6,
    "slip_bps_sum": 547.5582373011881,
    "total_qty": 12.0,
    "trades": 12
  },
  "NVDA": {
    "average_holding_seconds": 7200.0,
    "average_slip_bps": 51.58438283779618,
    "buy_trades": 1,
    "cash_delta": -8.228104274249915,
    "fees": 0.1419097960914401,
    "gross_notional": 283.8195921828802,
    "holding_cycles": 1,
    "sell_trades": 1,
    "slip_bps_sum": 103.16876567559235,
    "total_qty": 2.0,
    "trades": 2
  },
  "__overall__": {
    "average_holding_seconds": 12342.857142857143,
    "average_slip_bps": 46.48050021262718,
    "buy_trades": 7,
    "cash_delta": -44.25124400770338,
    "fees": 1.4109333770363894,
    "gross_notional": 2821.8667540727793,
    "holding_cycles": 7,
    "sell_trades": 7,
    "slip_bps_sum": 650.7270029767805,
    "total_qty": 14.0,
    "trades": 14,
    "worst_cumulative_cash": -270.1615347098441
  }
}