{
  "GOOG": {
    "average_holding_seconds": 14400.0,
    "average_slip_bps": 22.547778119990113,
    "buy_trades": 5,
    "cash_delta": -77.4452110550902,
    "fees": 5.552761300221922,
    "gross_notional": 11105.522600443846,
    "holding_cycles": 4,
    "sell_trades": 4,
    "slip_bps_sum": 202.93000307991102,
    "total_qty": 113.3914519288592,
    "trades": 9
  },
  "MSFT": {
    "average_holding_seconds": 13200.0,
    "average_slip_bps": 45.62985310843234,
    "buy_trades": 6,
    "cash_delta": -36.02313973345346,
    "fees": 1.2690235809449493,
    "gross_notional": 2538.047161889899,
    "holding_cycles": 6,
    "sell_trades": 6,
    "slip_bps_sum": 547.5582373011881,
    "total_qty": 12.0,
    "trades": 12
  },
  "__overall__": {
    "average_holding_seconds": 13680.0,
    "average_slip_bps": 35.737535256242815,
    "buy_trades": 11,
    "cash_delta": -113.46835078854366,
    "fees": 6.821784881166872,
    "gross_notional": 13643.569762333746,
    "holding_cycles": 10,
    "sell_trades": 10,
    "slip_bps_sum": 750.4882403810991,
    "total_qty": 125.3914519288592,
    "trades": 21,
    "worst_cumulative_cash": -2693.7275542149273
  }
}