{
  "GOOG": {
    "average_holding_seconds": 21600.0,
    "average_slip_bps": 18.197913264711357,
    "buy_trades": 12,
    "cash_delta": -291.28245226974377,
    "fees": 21.809227051212215,
    "gross_notional": 43618.454102424424,
    "holding_cycles": 6,
    "sell_trades": 10,
    "slip_bps_sum": 400.35409182364987,
    "total_qty": 416.05760987237534,
    "trades": 22
  },
  "MSFT": {
    "average_holding_seconds": 13200.0,
    "average_slip_bps": 45.62985310843234,
    "buy_trades": 6,
    "cash_delta": -36.02313973345346,
    "fees": 1.2690235809449493,
    "gross_notional": 2538.047161889899,
    "holding_cycles": 6,
    "sell_trades": 6,
    "slip_bps_sum": 547.5582373011881,
    "total_qty": 12.0,
    "trades": 12
  },
  "__overall__": {
    "average_holding_seconds": 17400.0,
    "average_slip_bps": 27.879774386024646,
    "buy_trades": 18,
    "cash_delta": -327.30559200319726,
    "fees": 23.078250632157165,
    "gross_notional": 46156.50126431433,
    "holding_cycles": 12,
    "sell_trades": 16,
    "slip_bps_sum": 947.9123291248379,
    "total_qty": 428.05760987237534,
    "trades": 34,
    "worst_cumulative_cash": -4961.9755293844055
  }
}