{
  "AAPL": {
    "average_holding_seconds": 11520.0,
    "average_slip_bps": 60.02670090856884,
    "buy_trades": 10,
    "cash_delta": -55.92920120633062,
    "fees": 1.9023318404447873,
    "gross_notional": 3804.663680889574,
    "holding_cycles": 10,
    "sell_trades": 10,
    "slip_bps_sum": 1200.5340181713768,
    "total_qty": 20.0,
    "trades": 20
  },
  "MSFT": {
    "average_holding_seconds": 13200.0,
    "average_slip_bps": 45.62985310843234,
    "buy_trades": 6,
    "cash_delta": -36.02313973345346,
    "fees": 1.2690235809449493,
    "gross_notional": 2538.047161889899,
    "holding_cycles": 6,
    "sell_trades": 6,
    "slip_bps_sum": 547.5582373011881,
    "total_qty": 12.0,
    "trades": 12
  },
  "NVDA": {
    "average_holding_seconds": 15600.0,
    "average_slip_bps": 46.80347249838307,
    "buy_trades": 10,
    "cash_delta": -65.82918137540787,
    "fees": 4.336934489618474,
    "gross_notional": 8673.868979236948,
    "holding_cycles": 6,
    "sell_trades": 10,
    "slip_bps_sum": 936.0694499676615,
    "total_qty": 64.75235776205174,
    "trades": 20
  },
  "__overall__": {
    "average_holding_seconds": 13090.90909090909,
    "average_slip_bps": 51.61849433538897,
    "buy_trades": 26,
    "cash_delta": -157.78152231519195,
    "fees": 7.508289911008211,
    "gross_notional": 15016.579822016422,
    "holding_cycles": 22,
    "sell_trades": 26,
    "slip_bps_sum": 2684.1617054402263,
    "total_qty": 96.75235776205174,
    "trades": 52,
    "worst_cumulative_cash": -542.7800668647861
  }
}