{
  "AAPL": {
    "average_holding_seconds": 11520.0,
    "average_slip_bps": 60.02670090856884,
    "buy_trades": 10,
    "cash_delta": -55.92920120633062,
    "fees": 1.9023318404447873,
    "gross_notional": 3804.663680889574,
    "holding_cycles": 10,
    "sell_trades": 10,
    "slip_bps_sum": 1200.5340181713768,
    "total_qty": 20.0,
    "trades": 20
  },
  "MSFT": {
    "average_holding_seconds": 13200.0,
    "average_slip_bps": 45.62985310843234,
    "buy_trades": 6,
    "cash_delta": -36.02313973345346,
    "fees": 1.2690235809449493,
    "gross_notional": 2538.047161889899,
    "holding_cycles": 6,
    "sell_trades": 6,
    "slip_bps_sum": 547.5582373011881,
    "total_qty": 12.0,
    "trades": 12
  },
  "NVDA": {
    "average_holding_seconds": 7200.0,
    "average_slip_bps": 37.18835449916335,
    "buy_trades": 2,
    "cash_delta": -4.2770241857800215,
    "fees": 0.2823322233490547,
    "gross_notional": 564.6644466981095,
    "holding_cycles": 2,
    "sell_trades": 2,
    "slip_bps_sum": 148.7534179966534,
    "total_qty": 4.0,
    "trades": 4
  },
  "__overall__": {
    "average_holding_seconds": 11600.0,
    "average_slip_bps": 52.69015759636718,
    "buy_trades": 18,
    "cash_delta": -96.2293651255641,
    "fees": 3.453687644738791,
    "gross_notional": 6907.375289477583,
    "holding_cycles": 18,
    "sell_trades": 18,
    "slip_bps_sum": 1896.8456734692184,
    "total_qty": 36.0,
    "trades": 36,
    "worst_cumulative_cash": -503.1655833736269
  }
}