{
  "AAPL": {
    "average_holding_seconds": 11520.0,
    "average_slip_bps": 60.02670090856884,
    "buy_trades": 10,
    "cash_delta": -55.92920120633062,
    "fees": 1.9023318404447873,
    "gross_notional": 3804.663680889574,
    "holding_cycles": 10,
    "sell_trades": 10,
    "slip_bps_sum": 1200.5340181713768,
    "total_qty": 20.0,
    "trades": 20
  },
  "MSFT": {
    "average_holding_seconds": 13200.0,
    "average_slip_bps": 45.62985310843234,
    "buy_trades": 6,
    "cash_delta": -36.02313973345346,
    "fees": 1.2690235809449493,
    "gross_notional": 2538.047161889899,
    "holding_cycles": 6,
    "sell_trades": 6,
    "slip_bps_sum": 547.5582373011881,
    "total_qty": 12.0,
    "trades": 12
  },
  "NVDA": {
    "average_holding_seconds": 7200.0,
    "average_slip_bps": 47.61290486801363,
    "buy_trades": 9,
    "cash_delta": -20.670800148332077,
    "fees": 1.1971525450703244,
    "gross_notional": 2394.305090140649,
    "holding_cycles": 9,
    "sell_trades": 9,
    "slip_bps_sum": 857.0322876242453,
    "total_qty": 18.0,
    "trades": 18
  },
  "__overall__": {
    "average_holding_seconds": 10368.0,
    "average_slip_bps": 52.102490861936204,
    "buy_trades": 25,
    "cash_delta": -112.62314108811616,
    "fees": 4.3685079664600615,
    "gross_notional": 8737.015932920123,
    "holding_cycles": 25,
    "sell_trades": 25,
    "slip_bps_sum": 2605.12454309681,
    "total_qty": 50.0,
    "trades": 50,
    "worst_cumulative_cash": -514.978857638104
  }
}