{
  "balance": 100378.8709839748,
  "cash": 100378.8709839748,
  "fees_paid": 23.893882433204006,
  "flatten_end": true,
  "initial_cash": 100000.0,
  "kronos_only": true,
  "kronos_sharpe_cutoff": -1.0,
  "max_drawdown": 329.01149787337636,
  "max_drawdown_pct": 0.003273588146809257,
  "mode": "simulation",
  "pnl": 378.8709839748044,
  "real_analytics": true,
  "return": 0.003788709839748044,
  "sharpe": 2.3940704957052743,
  "sharpe_cutoff": null,
  "step_size": 1,
  "steps": 2,
  "symbols": [
    "AAPL"
  ],
  "top_k": 4
}