{
  "GOOG": {
    "average_holding_seconds": 39600.0,
    "average_slip_bps": 25.258324178552872,
    "buy_trades": 8,
    "cash_delta": -137.54911212350953,
    "fees": 4.476115432478616,
    "gross_notional": 8952.230864957231,
    "holding_cycles": 2,
    "sell_trades": 3,
    "slip_bps_sum": 277.8415659640816,
    "total_qty": 94.84431791139343,
    "trades": 11
  },
  "MSFT": {
    "average_holding_seconds": 13200.0,
    "average_slip_bps": 45.62985310843234,
    "buy_trades": 6,
    "cash_delta": -36.02313973345346,
    "fees": 1.2690235809449493,
    "gross_notional": 2538.047161889899,
    "holding_cycles": 6,
    "sell_trades": 6,
    "slip_bps_sum": 547.5582373011881,
    "total_qty": 12.0,
    "trades": 12
  },
  "__overall__": {
    "average_holding_seconds": 19800.0,
    "average_slip_bps": 35.8869479680552,
    "buy_trades": 14,
    "cash_delta": -173.572251856963,
    "fees": 5.7451390134235645,
    "gross_notional": 11490.27802684713,
    "holding_cycles": 8,
    "sell_trades": 9,
    "slip_bps_sum": 825.3998032652697,
    "total_qty": 106.84431791139343,
    "trades": 23,
    "worst_cumulative_cash": -3450.9996644650373
  }
}