{
  "balance": 99990.27925628914,
  "cash": 99990.27925628914,
  "fees_paid": 55.281737782876824,
  "flatten_end": true,
  "initial_cash": 100000.0,
  "kronos_only": true,
  "kronos_sharpe_cutoff": -1.0,
  "max_drawdown": 1100.6169978708058,
  "max_drawdown_pct": 0.010936425398068323,
  "mode": "simulation",
  "pnl": -9.720743710859097,
  "real_analytics": true,
  "return": -9.720743710859096e-05,
  "sharpe": -0.2990933367224617,
  "sharpe_cutoff": null,
  "step_size": 1,
  "steps": 20,
  "symbols": [
    "AAPL",
    "MSFT",
    "NVDA"
  ],
  "top_k": 4
}