{
  "balance": 99413.168876581,
  "cash": 99413.168876581,
  "fees_paid": 47.62205885965127,
  "flatten_end": true,
  "initial_cash": 100000.0,
  "kronos_only": true,
  "kronos_sharpe_cutoff": -1.0,
  "max_drawdown": 968.1300170572504,
  "max_drawdown_pct": 0.009630971472665482,
  "mode": "simulation",
  "pnl": -586.8311234190041,
  "real_analytics": true,
  "return": -0.005868311234190042,
  "sharpe": -0.3192599873989954,
  "sharpe_cutoff": null,
  "step_size": 1,
  "steps": 20,
  "symbols": [
    "AAPL",
    "MSFT",
    "NVDA"
  ],
  "top_k": 4
}