{
  "AAPL": {
    "average_holding_seconds": 16000.0,
    "average_slip_bps": 59.28758685766721,
    "buy_trades": 9,
    "cash_delta": -1647.2958588361473,
    "fees": 34.283490436776944,
    "gross_notional": 68566.9808735539,
    "holding_cycles": 9,
    "sell_trades": 10,
    "slip_bps_sum": 1126.464150295677,
    "total_qty": 363.37519662849934,
    "trades": 19
  },
  "MSFT": {
    "average_holding_seconds": 57600.0,
    "average_slip_bps": 67.10080281110984,
    "buy_trades": 2,
    "cash_delta": 14.374067431415142,
    "fees": 0.4147476310264055,
    "gross_notional": 829.4952620528109,
    "holding_cycles": 2,
    "sell_trades": 2,
    "slip_bps_sum": 268.4032112444394,
    "total_qty": 4.0,
    "trades": 4
  },
  "NVDA": {
    "average_holding_seconds": 144000.0,
    "average_slip_bps": 53.968708413714154,
    "buy_trades": 1,
    "cash_delta": 1046.0906679857362,
    "fees": 12.923820791847927,
    "gross_notional": 25847.641583695855,
    "holding_cycles": 1,
    "sell_trades": 1,
    "slip_bps_sum": 107.93741682742831,
    "total_qty": 195.16441780109662,
    "trades": 2
  },
  "__overall__": {
    "average_holding_seconds": 33600.0,
    "average_slip_bps": 60.11219113470179,
    "buy_trades": 12,
    "cash_delta": -586.831123418996,
    "fees": 47.622058859651275,
    "gross_notional": 95244.11771930257,
    "holding_cycles": 12,
    "sell_trades": 13,
    "slip_bps_sum": 1502.8047783675447,
    "total_qty": 562.539614429596,
    "trades": 25,
    "worst_cumulative_cash": -586.8311234189898
  }
}