{
  "balance": 99178.34101247051,
  "cash": 99178.34101247051,
  "fees_paid": 28.535761606257626,
  "flatten_end": true,
  "initial_cash": 100000.0,
  "kronos_only": true,
  "kronos_sharpe_cutoff": -1.0,
  "max_drawdown": 859.0171696771577,
  "max_drawdown_pct": 0.008590171696771577,
  "mode": "simulation",
  "pnl": -821.6589875294885,
  "real_analytics": true,
  "return": -0.008216589875294885,
  "sharpe": -5.150927847958468,
  "sharpe_cutoff": null,
  "step_size": 1,
  "steps": 20,
  "symbols": [
    "AAPL",
    "MSFT",
    "NVDA"
  ],
  "top_k": 4
}