{
  "AAPL": {
    "average_holding_seconds": 20571.428571428572,
    "average_slip_bps": 54.51761334603128,
    "buy_trades": 7,
    "cash_delta": 641.2482756609952,
    "fees": 52.89995375747516,
    "gross_notional": 105799.90751495032,
    "holding_cycles": 7,
    "sell_trades": 10,
    "slip_bps_sum": 926.7994268825317,
    "total_qty": 528.4179318773382,
    "trades": 17
  },
  "MSFT": {
    "average_holding_seconds": 40800.0,
    "average_slip_bps": 54.137088100301185,
    "buy_trades": 7,
    "cash_delta": -301.1463243577273,
    "fees": 31.316802724739006,
    "gross_notional": 62633.60544947801,
    "holding_cycles": 3,
    "sell_trades": 3,
    "slip_bps_sum": 541.3708810030118,
    "total_qty": 276.3496410482374,
    "trades": 10
  },
  "NVDA": {
    "average_holding_seconds": 16000.0,
    "average_slip_bps": 47.00725994525014,
    "buy_trades": 11,
    "cash_delta": -1248.2328426985846,
    "fees": 38.67411786145879,
    "gross_notional": 77348.23572291757,
    "holding_cycles": 9,
    "sell_trades": 11,
    "slip_bps_sum": 1034.159718795503,
    "total_qty": 567.6580949567604,
    "trades": 22
  },
  "__overall__": {
    "average_holding_seconds": 21600.0,
    "average_slip_bps": 51.067959728184626,
    "buy_trades": 25,
    "cash_delta": -908.1308913953167,
    "fees": 122.89087434367295,
    "gross_notional": 245781.74868734588,
    "holding_cycles": 19,
    "sell_trades": 24,
    "slip_bps_sum": 2502.3300266810465,
    "total_qty": 1372.425667882336,
    "trades": 49,
    "worst_cumulative_cash": -31691.491152525206
  }
}