{
  "AAPL": {
    "average_holding_seconds": 24000.0,
    "average_slip_bps": 51.340861075290874,
    "buy_trades": 7,
    "cash_delta": 962.2341202076086,
    "fees": 43.77177393880168,
    "gross_notional": 87543.54787760334,
    "holding_cycles": 6,
    "sell_trades": 9,
    "slip_bps_sum": 821.453777204654,
    "total_qty": 433.89309778664165,
    "trades": 16
  },
  "MSFT": {
    "average_holding_seconds": 68400.0,
    "average_slip_bps": 54.515768956467795,
    "buy_trades": 11,
    "cash_delta": 26.26205879279223,
    "fees": 92.87712815593022,
    "gross_notional": 185754.25631186043,
    "holding_cycles": 2,
    "sell_trades": 4,
    "slip_bps_sum": 817.7365343470169,
    "total_qty": 871.5671379157036,
    "trades": 15
  },
  "NVDA": {
    "average_holding_seconds": 14400.0,
    "average_slip_bps": 54.228056266954674,
    "buy_trades": 11,
    "cash_delta": -431.4705565344459,
    "fees": 29.157570554465917,
    "gross_notional": 58315.14110893185,
    "holding_cycles": 10,
    "sell_trades": 12,
    "slip_bps_sum": 1247.2452941399574,
    "total_qty": 432.488152,
    "trades": 23
  },
  "__overall__": {
    "average_holding_seconds": 23600.0,
    "average_slip_bps": 53.45251121651164,
    "buy_trades": 29,
    "cash_delta": 557.0256224659549,
    "fees": 165.80647264919781,
    "gross_notional": 331612.94529839564,
    "holding_cycles": 18,
    "sell_trades": 25,
    "slip_bps_sum": 2886.4356056916286,
    "total_qty": 1737.9483877023454,
    "trades": 54,
    "worst_cumulative_cash": -27310.06523915896
  }
}