{
  "AAPL": {
    "average_holding_seconds": 36000.0,
    "average_slip_bps": 53.096861683601546,
    "buy_trades": 4,
    "cash_delta": 753.8081451630123,
    "fees": 45.54321024042853,
    "gross_notional": 91086.42048085705,
    "holding_cycles": 4,
    "sell_trades": 6,
    "slip_bps_sum": 530.9686168360155,
    "total_qty": 456.4967669986695,
    "trades": 10
  },
  "MSFT": {
    "average_holding_seconds": 68400.0,
    "average_slip_bps": 60.25338232220679,
    "buy_trades": 3,
    "cash_delta": -933.917699822462,
    "fees": 21.428358358505545,
    "gross_notional": 42856.716717011084,
    "holding_cycles": 2,
    "sell_trades": 2,
    "slip_bps_sum": 301.26691161103395,
    "total_qty": 211.38870762298944,
    "trades": 5
  },
  "NVDA": {
    "average_holding_seconds": 36000.0,
    "average_slip_bps": 56.11659553989683,
    "buy_trades": 4,
    "cash_delta": -719.1270839336258,
    "fees": 12.259248117322247,
    "gross_notional": 24518.496234644495,
    "holding_cycles": 4,
    "sell_trades": 4,
    "slip_bps_sum": 448.9327643191746,
    "total_qty": 173.05058118316882,
    "trades": 8
  },
  "__overall__": {
    "average_holding_seconds": 42480.0,
    "average_slip_bps": 55.702969250705394,
    "buy_trades": 11,
    "cash_delta": -899.2366385930756,
    "fees": 79.23081671625633,
    "gross_notional": 158461.63343251264,
    "holding_cycles": 10,
    "sell_trades": 12,
    "slip_bps_sum": 1281.168292766224,
    "total_qty": 840.9360558048278,
    "trades": 23,
    "worst_cumulative_cash": -13524.346281704204
  }
}