{
  "balance": 100557.025622466,
  "cash": 100557.025622466,
  "fees_paid": 165.80647264919776,
  "flatten_end": true,
  "initial_cash": 100000.0,
  "kronos_only": true,
  "kronos_sharpe_cutoff": -1.0,
  "max_drawdown": 1275.846343767218,
  "max_drawdown_pct": 0.012657567701423303,
  "mode": "simulation",
  "pnl": 557.025622465997,
  "real_analytics": true,
  "return": 0.00557025622465997,
  "sharpe": 0.4324913358813971,
  "sharpe_cutoff": null,
  "step_size": 1,
  "steps": 20,
  "symbols": [
    "AAPL",
    "MSFT",
    "NVDA"
  ],
  "top_k": 4
}