{
  "MSFT": {
    "average_holding_seconds": 13200.0,
    "average_slip_bps": 45.62985310843234,
    "buy_trades": 6,
    "cash_delta": -36.02313973345346,
    "fees": 1.2690235809449493,
    "gross_notional": 2538.047161889899,
    "holding_cycles": 6,
    "sell_trades": 6,
    "slip_bps_sum": 547.5582373011881,
    "total_qty": 12.0,
    "trades": 12
  },
  "NVDA": {
    "average_holding_seconds": 7200.0,
    "average_slip_bps": 51.58438283779618,
    "buy_trades": 1,
    "cash_delta": -8.228104274249915,
    "fees": 0.1419097960914401,
    "gross_notional": 283.8195921828802,
    "holding_cycles": 1,
    "sell_trades": 1,
    "slip_bps_sum": 103.16876567559235,
    "total_qty": 2.0,
    "trades": 2
  },
  "XLK": {
    "average_holding_seconds": 36000.0,
    "average_slip_bps": 33.24107888783066,
    "buy_trades": 7,
    "cash_delta": -167.48165556376682,
    "fees": 7.590003181580425,
    "gross_notional": 15180.006363160852,
    "holding_cycles": 4,
    "sell_trades": 4,
    "slip_bps_sum": 365.65186776613723,
    "total_qty": 158.9733816782914,
    "trades": 11
  },
  "__overall__": {
    "average_holding_seconds": 20945.454545454544,
    "average_slip_bps": 40.65515482971671,
    "buy_trades": 14,
    "cash_delta": -211.7328995714702,
    "fees": 9.000936558616814,
    "gross_notional": 18001.87311723363,
    "holding_cycles": 11,
    "sell_trades": 11,
    "slip_bps_sum": 1016.3788707429177,
    "total_qty": 172.9733816782914,
    "trades": 25,
    "worst_cumulative_cash": -3863.5077874486046
  }
}