{
  "AAPL": {
    "average_holding_seconds": 28800.0,
    "average_slip_bps": 63.167273079212286,
    "buy_trades": 6,
    "cash_delta": -850.1601047547947,
    "fees": 35.58734339213429,
    "gross_notional": 71174.68678426856,
    "holding_cycles": 5,
    "sell_trades": 8,
    "slip_bps_sum": 884.341823108972,
    "total_qty": 392.67674478904553,
    "trades": 14
  },
  "MSFT": {
    "average_holding_seconds": 43200.0,
    "average_slip_bps": 57.81743901699906,
    "buy_trades": 7,
    "cash_delta": 80.9369647936328,
    "fees": 65.31383160579334,
    "gross_notional": 130627.6632115867,
    "holding_cycles": 3,
    "sell_trades": 3,
    "slip_bps_sum": 578.1743901699906,
    "total_qty": 596.3236044955676,
    "trades": 10
  },
  "NVDA": {
    "average_holding_seconds": 36000.0,
    "average_slip_bps": 71.26264378140017,
    "buy_trades": 5,
    "cash_delta": -35.37445547463251,
    "fees": 18.74670929999794,
    "gross_notional": 37493.41859999587,
    "holding_cycles": 4,
    "sell_trades": 4,
    "slip_bps_sum": 641.3637940326015,
    "total_qty": 279.27043918316883,
    "trades": 9
  },
  "__overall__": {
    "average_holding_seconds": 34800.0,
    "average_slip_bps": 63.75393961550194,
    "buy_trades": 18,
    "cash_delta": -804.5975954357945,
    "fees": 119.64788429792557,
    "gross_notional": 239295.76859585114,
    "holding_cycles": 12,
    "sell_trades": 15,
    "slip_bps_sum": 2103.880007311564,
    "total_qty": 1268.270788467782,
    "trades": 33,
    "worst_cumulative_cash": -21563.100373495126
  }
}