{
  "AAPL": {
    "average_holding_seconds": 18000.0,
    "average_slip_bps": 57.36944736247585,
    "buy_trades": 9,
    "cash_delta": -1592.6053005342126,
    "fees": 33.57106160794676,
    "gross_notional": 67142.12321589353,
    "holding_cycles": 8,
    "sell_trades": 9,
    "slip_bps_sum": 1032.6500525245654,
    "total_qty": 355.54660745308286,
    "trades": 18
  },
  "MSFT": {
    "average_holding_seconds": 57600.0,
    "average_slip_bps": 67.10080281110984,
    "buy_trades": 2,
    "cash_delta": 14.374067431415142,
    "fees": 0.4147476310264055,
    "gross_notional": 829.4952620528109,
    "holding_cycles": 2,
    "sell_trades": 2,
    "slip_bps_sum": 268.4032112444394,
    "total_qty": 4.0,
    "trades": 4
  },
  "NVDA": {
    "average_holding_seconds": 48000.0,
    "average_slip_bps": 51.195008485638404,
    "buy_trades": 3,
    "cash_delta": 935.0564508977186,
    "fees": 23.43185912466835,
    "gross_notional": 46863.7182493367,
    "holding_cycles": 3,
    "sell_trades": 3,
    "slip_bps_sum": 307.17005091383044,
    "total_qty": 358.6177656585975,
    "trades": 6
  },
  "__overall__": {
    "average_holding_seconds": 31015.384615384617,
    "average_slip_bps": 57.4365469529584,
    "buy_trades": 14,
    "cash_delta": -643.1747822050788,
    "fees": 57.41766836364152,
    "gross_notional": 114835.33672728304,
    "holding_cycles": 13,
    "sell_trades": 14,
    "slip_bps_sum": 1608.2233146828353,
    "total_qty": 718.1643731116803,
    "trades": 28,
    "worst_cumulative_cash": -833.8169557864348
  }
}