{
  "AAPL": {
    "average_holding_seconds": 24000.0,
    "average_slip_bps": 54.353324480979225,
    "buy_trades": 7,
    "cash_delta": 878.6309766178451,
    "fees": 38.72821875805996,
    "gross_notional": 77456.43751611991,
    "holding_cycles": 6,
    "sell_trades": 9,
    "slip_bps_sum": 869.6531916956676,
    "total_qty": 383.90205972674386,
    "trades": 16
  },
  "MSFT": {
    "average_holding_seconds": 43200.0,
    "average_slip_bps": 55.42237645798647,
    "buy_trades": 11,
    "cash_delta": 394.1109065321616,
    "fees": 91.36561202724698,
    "gross_notional": 182731.22405449397,
    "holding_cycles": 3,
    "sell_trades": 4,
    "slip_bps_sum": 831.3356468697971,
    "total_qty": 855.2905000800357,
    "trades": 15
  },
  "NVDA": {
    "average_holding_seconds": 28800.0,
    "average_slip_bps": 59.7072130669233,
    "buy_trades": 6,
    "cash_delta": -630.8874401866615,
    "fees": 23.580064485596743,
    "gross_notional": 47160.128971193495,
    "holding_cycles": 5,
    "sell_trades": 5,
    "slip_bps_sum": 656.7793437361563,
    "total_qty": 348.4666466395277,
    "trades": 11
  },
  "__overall__": {
    "average_holding_seconds": 29828.571428571428,
    "average_slip_bps": 56.137337673848116,
    "buy_trades": 24,
    "cash_delta": 641.8544429633453,
    "fees": 153.6738952709037,
    "gross_notional": 307347.79054180736,
    "holding_cycles": 14,
    "sell_trades": 18,
    "slip_bps_sum": 2357.768182301621,
    "total_qty": 1587.6592064463073,
    "trades": 42,
    "worst_cumulative_cash": -26216.780630822006
  }
}