{
  "balance": 94746.02688553535,
  "cash": 94746.02688553535,
  "fees_paid": 282.7387878994058,
  "flatten_end": true,
  "initial_cash": 100000.0,
  "kronos_only": true,
  "kronos_sharpe_cutoff": -1.0,
  "max_drawdown": 4906.898873467479,
  "max_drawdown_pct": 0.04906898873467479,
  "mode": "simulation",
  "pnl": -5253.97311446465,
  "real_analytics": true,
  "return": -0.0525397311446465,
  "sharpe": -5.589859742468256,
  "sharpe_cutoff": null,
  "step_size": 1,
  "steps": 20,
  "symbols": [
    "AAPL",
    "MSFT",
    "NVDA"
  ],
  "top_k": 4
}