{
  "balance": 99224.63465238456,
  "cash": 99224.63465238456,
  "fees_paid": 34.53307141659643,
  "flatten_end": true,
  "initial_cash": 100000.0,
  "kronos_only": true,
  "kronos_sharpe_cutoff": -1.0,
  "max_drawdown": 2106.912706824427,
  "max_drawdown_pct": 0.02106912706824427,
  "mode": "simulation",
  "pnl": -775.3653476154432,
  "real_analytics": true,
  "return": -0.007753653476154432,
  "sharpe": -0.5487808946026921,
  "sharpe_cutoff": null,
  "step_size": 1,
  "steps": 20,
  "symbols": [
    "AAPL",
    "MSFT",
    "NVDA"
  ],
  "top_k": 4
}