{
  "AAPL": {
    "average_holding_seconds": 18000.0,
    "average_slip_bps": 58.8075067125219,
    "buy_trades": 10,
    "cash_delta": -1110.0009639194648,
    "fees": 30.197563568697433,
    "gross_notional": 60395.12713739487,
    "holding_cycles": 8,
    "sell_trades": 9,
    "slip_bps_sum": 1117.342627537916,
    "total_qty": 314.97926399999994,
    "trades": 19
  },
  "MSFT": {
    "average_holding_seconds": 43200.0,
    "average_slip_bps": 61.46271098923219,
    "buy_trades": 6,
    "cash_delta": 1246.9737987700646,
    "fees": 29.399267264060164,
    "gross_notional": 58798.53452812032,
    "holding_cycles": 3,
    "sell_trades": 3,
    "slip_bps_sum": 553.1643989030897,
    "total_qty": 252.8543734531661,
    "trades": 9
  },
  "NVDA": {
    "average_holding_seconds": 36000.0,
    "average_slip_bps": 47.752760008983294,
    "buy_trades": 4,
    "cash_delta": -20.457938670445344,
    "fees": 0.5579198867596821,
    "gross_notional": 1115.8397735193641,
    "holding_cycles": 4,
    "sell_trades": 4,
    "slip_bps_sum": 382.02208007186636,
    "total_qty": 8.0,
    "trades": 8
  },
  "__overall__": {
    "average_holding_seconds": 27840.0,
    "average_slip_bps": 57.01469740313534,
    "buy_trades": 20,
    "cash_delta": 116.5148961801545,
    "fees": 60.15475071951728,
    "gross_notional": 120309.50143903455,
    "holding_cycles": 15,
    "sell_trades": 16,
    "slip_bps_sum": 2052.529106512872,
    "total_qty": 575.833637453166,
    "trades": 36,
    "worst_cumulative_cash": -29817.73396843039
  }
}