{
  "AAPL": {
    "average_holding_seconds": 7200.0,
    "average_slip_bps": 16.024271066205237,
    "buy_trades": 1,
    "cash_delta": 7.9039355752761935,
    "fees": 0.2145392374063413,
    "gross_notional": 429.07847481268254,
    "holding_cycles": 1,
    "sell_trades": 1,
    "slip_bps_sum": 32.048542132410475,
    "total_qty": 2.0,
    "trades": 2
  },
  "MSFT": {
    "average_holding_seconds": 72000.0,
    "average_slip_bps": 54.104407032616436,
    "buy_trades": 2,
    "cash_delta": 163.20846090142345,
    "fees": 4.269349554523029,
    "gross_notional": 8538.69910904606,
    "holding_cycles": 2,
    "sell_trades": 2,
    "slip_bps_sum": 216.41762813046574,
    "total_qty": 40.40371725275337,
    "trades": 4
  },
  "NVDA": {
    "average_holding_seconds": 7200.0,
    "average_slip_bps": 51.59102093940509,
    "buy_trades": 1,
    "cash_delta": -781.4479693686626,
    "fees": 13.47729591085202,
    "gross_notional": 26954.591821704038,
    "holding_cycles": 1,
    "sell_trades": 1,
    "slip_bps_sum": 103.18204187881018,
    "total_qty": 189.94172165657355,
    "trades": 2
  },
  "__overall__": {
    "average_holding_seconds": 39600.0,
    "average_slip_bps": 43.9560265177108,
    "buy_trades": 4,
    "cash_delta": -610.335572891963,
    "fees": 17.96118470278139,
    "gross_notional": 35922.36940556278,
    "holding_cycles": 4,
    "sell_trades": 4,
    "slip_bps_sum": 351.6482121416864,
    "total_qty": 232.3454389093269,
    "trades": 8,
    "worst_cumulative_cash": -2704.8678033917467
  }
}