{
  "balance": 99895.89759246052,
  "cash": 99895.89759246052,
  "fees_paid": 3.7238862228208616,
  "flatten_end": true,
  "initial_cash": 100000.0,
  "kronos_only": true,
  "kronos_sharpe_cutoff": -1.0,
  "max_drawdown": 106.03984826031956,
  "max_drawdown_pct": 0.0010603950889336192,
  "mode": "simulation",
  "pnl": -104.10240753948165,
  "real_analytics": true,
  "return": -0.0010410240753948165,
  "sharpe": -17.665377215449475,
  "sharpe_cutoff": null,
  "step_size": 1,
  "steps": 20,
  "symbols": [
    "AAPL",
    "MSFT",
    "NVDA"
  ],
  "top_k": 4
}