{
  "MSFT": {
    "average_holding_seconds": 13200.0,
    "average_slip_bps": 45.62985310843234,
    "buy_trades": 6,
    "cash_delta": -36.02313973345346,
    "fees": 1.2690235809449493,
    "gross_notional": 2538.047161889899,
    "holding_cycles": 6,
    "sell_trades": 6,
    "slip_bps_sum": 547.5582373011881,
    "total_qty": 12.0,
    "trades": 12
  },
  "__overall__": {
    "average_holding_seconds": 13200.0,
    "average_slip_bps": 45.62985310843234,
    "buy_trades": 6,
    "cash_delta": -36.02313973345346,
    "fees": 1.2690235809449493,
    "gross_notional": 2538.047161889899,
    "holding_cycles": 6,
    "sell_trades": 6,
    "slip_bps_sum": 547.5582373011881,
    "total_qty": 12.0,
    "trades": 12,
    "worst_cumulative_cash": -261.9334304355941
  }
}