{
  "AAPL": {
    "average_holding_seconds": 20571.428571428572,
    "average_slip_bps": 52.35912566220986,
    "buy_trades": 11,
    "cash_delta": -377.76664918984943,
    "fees": 29.545327174373952,
    "gross_notional": 59090.65434874789,
    "holding_cycles": 7,
    "sell_trades": 10,
    "slip_bps_sum": 1099.5416389064071,
    "total_qty": 294.08190334095383,
    "trades": 21
  },
  "MSFT": {
    "average_holding_seconds": 48000.0,
    "average_slip_bps": 47.11500511041053,
    "buy_trades": 4,
    "cash_delta": -308.4569446627676,
    "fees": 9.422441451650073,
    "gross_notional": 18844.882903300142,
    "holding_cycles": 3,
    "sell_trades": 5,
    "slip_bps_sum": 424.0350459936948,
    "total_qty": 94.91004037807524,
    "trades": 9
  },
  "NVDA": {
    "average_holding_seconds": 14400.0,
    "average_slip_bps": 36.31502933263921,
    "buy_trades": 2,
    "cash_delta": -3.374897348029293,
    "fees": 0.2818813853491793,
    "gross_notional": 563.7627706983586,
    "holding_cycles": 2,
    "sell_trades": 2,
    "slip_bps_sum": 145.26011733055685,
    "total_qty": 4.0,
    "trades": 4
  },
  "__overall__": {
    "average_holding_seconds": 26400.0,
    "average_slip_bps": 49.08343535972526,
    "buy_trades": 17,
    "cash_delta": -689.5984912006463,
    "fees": 39.249650011373205,
    "gross_notional": 78499.30002274639,
    "holding_cycles": 12,
    "sell_trades": 17,
    "slip_bps_sum": 1668.8368022306588,
    "total_qty": 392.99194371902905,
    "trades": 34,
    "worst_cumulative_cash": -3482.8661921345424
  }
}