{
  "balance": 100997.0256793771,
  "cash": 100997.0256793771,
  "fees_paid": 55.4754666443561,
  "flatten_end": true,
  "initial_cash": 100000.0,
  "kronos_only": true,
  "kronos_sharpe_cutoff": -1.0,
  "max_drawdown": 879.3045670882566,
  "max_drawdown_pct": 0.008633214712861494,
  "mode": "simulation",
  "pnl": 997.0256793770968,
  "real_analytics": true,
  "return": 0.009970256793770968,
  "sharpe": 2.1450166405073965,
  "sharpe_cutoff": null,
  "step_size": 1,
  "steps": 20,
  "symbols": [
    "AAPL",
    "MSFT",
    "NVDA"
  ],
  "top_k": 4
}