{
  "AAPL": {
    "average_holding_seconds": 28800.0,
    "average_slip_bps": 54.85836655117528,
    "buy_trades": 6,
    "cash_delta": -695.3719213390541,
    "fees": 75.12680413432692,
    "gross_notional": 150253.60826865377,
    "holding_cycles": 5,
    "sell_trades": 10,
    "slip_bps_sum": 877.7338648188045,
    "total_qty": 766.4742139149421,
    "trades": 16
  },
  "MSFT": {
    "average_holding_seconds": 43200.0,
    "average_slip_bps": 65.57878665541352,
    "buy_trades": 5,
    "cash_delta": 109.05960840284934,
    "fees": 32.6850511467227,
    "gross_notional": 65370.102293445394,
    "holding_cycles": 3,
    "sell_trades": 4,
    "slip_bps_sum": 590.2090798987217,
    "total_qty": 291.5321435722034,
    "trades": 9
  },
  "NVDA": {
    "average_holding_seconds": 72000.0,
    "average_slip_bps": 81.5377330938032,
    "buy_trades": 2,
    "cash_delta": 539.7278044879105,
    "fees": 13.301098584700414,
    "gross_notional": 26602.197169400824,
    "holding_cycles": 2,
    "sell_trades": 2,
    "slip_bps_sum": 326.1509323752128,
    "total_qty": 197.16441780109662,
    "trades": 4
  },
  "__overall__": {
    "average_holding_seconds": 41760.0,
    "average_slip_bps": 61.86530610664617,
    "buy_trades": 13,
    "cash_delta": -46.58450844829429,
    "fees": 121.11295386575003,
    "gross_notional": 242225.9077315,
    "holding_cycles": 10,
    "sell_trades": 16,
    "slip_bps_sum": 1794.093877092739,
    "total_qty": 1255.170775288242,
    "trades": 29,
    "worst_cumulative_cash": -6354.482217482453
  }
}