{
  "AAPL": {
    "average_holding_seconds": 28800.0,
    "average_slip_bps": 55.927198800427895,
    "buy_trades": 5,
    "cash_delta": -603.4998025192789,
    "fees": 21.629221867290646,
    "gross_notional": 43258.4437345813,
    "holding_cycles": 5,
    "sell_trades": 6,
    "slip_bps_sum": 615.1991868047069,
    "total_qty": 222.23505745308285,
    "trades": 11
  },
  "MSFT": {
    "average_holding_seconds": 43200.0,
    "average_slip_bps": 66.22546311864379,
    "buy_trades": 4,
    "cash_delta": 54.05125432051136,
    "fees": 20.351417330885774,
    "gross_notional": 40702.83466177154,
    "holding_cycles": 3,
    "sell_trades": 4,
    "slip_bps_sum": 529.8037049491503,
    "total_qty": 179.32102337430683,
    "trades": 8
  },
  "NVDA": {
    "average_holding_seconds": 72000.0,
    "average_slip_bps": 81.5377330938032,
    "buy_trades": 2,
    "cash_delta": 539.7278044879105,
    "fees": 13.301098584700414,
    "gross_notional": 26602.197169400824,
    "holding_cycles": 2,
    "sell_trades": 2,
    "slip_bps_sum": 326.1509323752128,
    "total_qty": 197.16441780109662,
    "trades": 4
  },
  "__overall__": {
    "average_holding_seconds": 41760.0,
    "average_slip_bps": 63.96320974474217,
    "buy_trades": 11,
    "cash_delta": -9.72074371085705,
    "fees": 55.28173778287683,
    "gross_notional": 110563.47556575367,
    "holding_cycles": 10,
    "sell_trades": 12,
    "slip_bps_sum": 1471.15382412907,
    "total_qty": 598.7204986284863,
    "trades": 23,
    "worst_cumulative_cash": -9840.035657570366
  }
}