{
  "balance": 99573.82905831806,
  "cash": 99573.82905831806,
  "fees_paid": 84.02622584907462,
  "flatten_end": true,
  "initial_cash": 100000.0,
  "kronos_only": true,
  "kronos_sharpe_cutoff": -1.0,
  "max_drawdown": 1678.2183441784582,
  "max_drawdown_pct": 0.01668196566454692,
  "mode": "simulation",
  "pnl": -426.1709416819358,
  "real_analytics": true,
  "return": -0.004261709416819358,
  "sharpe": -1.029936523050411,
  "sharpe_cutoff": null,
  "step_size": 1,
  "steps": 20,
  "symbols": [
    "AAPL",
    "MSFT",
    "NVDA"
  ],
  "top_k": 4
}