{
  "balance": 99887.37685891191,
  "cash": 99887.37685891191,
  "fees_paid": 4.368507966460061,
  "flatten_end": true,
  "initial_cash": 100000.0,
  "kronos_only": true,
  "kronos_sharpe_cutoff": -1.0,
  "max_drawdown": 110.07308082422242,
  "max_drawdown_pct": 0.0011007272854942035,
  "mode": "simulation",
  "pnl": -112.62314108808641,
  "real_analytics": true,
  "return": -0.0011262314108808642,
  "sharpe": -16.015061743420738,
  "sharpe_cutoff": null,
  "step_size": 1,
  "steps": 20,
  "symbols": [
    "AAPL",
    "MSFT",
    "NVDA"
  ],
  "top_k": 4
}