{
  "balance": 99004.42203540412,
  "cash": 99004.42203540412,
  "fees_paid": 70.4216321958556,
  "flatten_end": true,
  "initial_cash": 100000.0,
  "kronos_only": true,
  "kronos_sharpe_cutoff": -1.0,
  "max_drawdown": 1542.5795097321097,
  "max_drawdown_pct": 0.015425795097321096,
  "mode": "simulation",
  "pnl": -995.5779645958828,
  "real_analytics": true,
  "return": -0.009955779645958828,
  "sharpe": -3.601018313352405,
  "sharpe_cutoff": null,
  "step_size": 1,
  "steps": 20,
  "symbols": [
    "AAPL",
    "MSFT",
    "NVDA"
  ],
  "top_k": 4
}