{
  "balance": 99622.89289901358,
  "cash": 99622.89289901358,
  "fees_paid": 73.82599789791624,
  "flatten_end": true,
  "initial_cash": 100000.0,
  "kronos_only": true,
  "kronos_sharpe_cutoff": -1.0,
  "max_drawdown": 2118.634924048907,
  "max_drawdown_pct": 0.02118634924048907,
  "mode": "simulation",
  "pnl": -377.1071009864245,
  "real_analytics": true,
  "return": -0.003771071009864245,
  "sharpe": -0.746947927115396,
  "sharpe_cutoff": null,
  "step_size": 1,
  "steps": 20,
  "symbols": [
    "AAPL",
    "MSFT",
    "NVDA"
  ],
  "top_k": 4
}