{
  "AAPL": {
    "average_holding_seconds": 36000.0,
    "average_slip_bps": 53.72775029512281,
    "buy_trades": 5,
    "cash_delta": 989.0507517490826,
    "fees": 54.495766210678546,
    "gross_notional": 108991.5324213571,
    "holding_cycles": 4,
    "sell_trades": 7,
    "slip_bps_sum": 644.7330035414737,
    "total_qty": 541.0953714490715,
    "trades": 12
  },
  "MSFT": {
    "average_holding_seconds": 68400.0,
    "average_slip_bps": 65.56622046008732,
    "buy_trades": 2,
    "cash_delta": 28.43286629847026,
    "fees": 0.4217805469178788,
    "gross_notional": 843.5610938357574,
    "holding_cycles": 2,
    "sell_trades": 2,
    "slip_bps_sum": 262.2648818403493,
    "total_qty": 4.0,
    "trades": 4
  },
  "NVDA": {
    "average_holding_seconds": 36000.0,
    "average_slip_bps": 47.752760008983294,
    "buy_trades": 4,
    "cash_delta": -20.457938670445344,
    "fees": 0.5579198867596821,
    "gross_notional": 1115.8397735193641,
    "holding_cycles": 4,
    "sell_trades": 4,
    "slip_bps_sum": 382.02208007186636,
    "total_qty": 8.0,
    "trades": 8
  },
  "__overall__": {
    "average_holding_seconds": 42480.0,
    "average_slip_bps": 53.70916522723706,
    "buy_trades": 11,
    "cash_delta": 997.0256793771075,
    "fees": 55.47546664435611,
    "gross_notional": 110950.93328871223,
    "holding_cycles": 10,
    "sell_trades": 13,
    "slip_bps_sum": 1289.0199654536893,
    "total_qty": 553.0953714490715,
    "trades": 24,
    "worst_cumulative_cash": -208.22690285737585
  }
}