{
  "AAPL": {
    "average_holding_seconds": 12000.0,
    "average_slip_bps": 60.089173231057785,
    "buy_trades": 9,
    "cash_delta": -59.3723593764696,
    "fees": 1.7136127790605489,
    "gross_notional": 3427.2255581210975,
    "holding_cycles": 9,
    "sell_trades": 9,
    "slip_bps_sum": 1081.60511815904,
    "total_qty": 18.0,
    "trades": 18
  },
  "MSFT": {
    "average_holding_seconds": 13200.0,
    "average_slip_bps": 45.62985310843234,
    "buy_trades": 6,
    "cash_delta": -36.02313973345346,
    "fees": 1.2690235809449493,
    "gross_notional": 2538.047161889899,
    "holding_cycles": 6,
    "sell_trades": 6,
    "slip_bps_sum": 547.5582373011881,
    "total_qty": 12.0,
    "trades": 12
  },
  "NVDA": {
    "average_holding_seconds": 7200.0,
    "average_slip_bps": 51.58438283779618,
    "buy_trades": 1,
    "cash_delta": -8.228104274249915,
    "fees": 0.1419097960914401,
    "gross_notional": 283.8195921828802,
    "holding_cycles": 1,
    "sell_trades": 1,
    "slip_bps_sum": 103.16876567559235,
    "total_qty": 2.0,
    "trades": 2
  },
  "__overall__": {
    "average_holding_seconds": 12150.0,
    "average_slip_bps": 54.135378785494396,
    "buy_trades": 16,
    "cash_delta": -103.62360338417298,
    "fees": 3.124546156096938,
    "gross_notional": 6249.092312193877,
    "holding_cycles": 16,
    "sell_trades": 16,
    "slip_bps_sum": 1732.3321211358207,
    "total_qty": 32.0,
    "trades": 32,
    "worst_cumulative_cash": -477.06069345571086
  }
}