{
  "balance": 100431.36979122832,
  "cash": 100431.36979122832,
  "fees_paid": 102.11756501204044,
  "flatten_end": true,
  "initial_cash": 100000.0,
  "kronos_only": true,
  "kronos_sharpe_cutoff": -1.0,
  "max_drawdown": 1535.4385624134738,
  "max_drawdown_pct": 0.015302829664352023,
  "mode": "simulation",
  "pnl": 431.3697912283242,
  "real_analytics": true,
  "return": 0.004313697912283242,
  "sharpe": 0.304366577248052,
  "sharpe_cutoff": null,
  "step_size": 1,
  "steps": 20,
  "symbols": [
    "AAPL",
    "MSFT",
    "NVDA"
  ],
  "top_k": 4
}