{
  "balance": 99356.82521779489,
  "cash": 99356.82521779489,
  "fees_paid": 57.41766836364152,
  "flatten_end": true,
  "initial_cash": 100000.0,
  "kronos_only": true,
  "kronos_sharpe_cutoff": -1.0,
  "max_drawdown": 968.1300170572504,
  "max_drawdown_pct": 0.00963150152335677,
  "mode": "simulation",
  "pnl": -643.1747822051111,
  "real_analytics": true,
  "return": -0.006431747822051111,
  "sharpe": -0.5888202909047806,
  "sharpe_cutoff": null,
  "step_size": 1,
  "steps": 20,
  "symbols": [
    "AAPL",
    "MSFT",
    "NVDA"
  ],
  "top_k": 4
}