{
  "AAPL": {
    "average_holding_seconds": 11520.0,
    "average_slip_bps": 60.02670090856884,
    "buy_trades": 10,
    "cash_delta": -55.92920120633062,
    "fees": 1.9023318404447873,
    "gross_notional": 3804.663680889574,
    "holding_cycles": 10,
    "sell_trades": 10,
    "slip_bps_sum": 1200.5340181713768,
    "total_qty": 20.0,
    "trades": 20
  },
  "MSFT": {
    "average_holding_seconds": 13200.0,
    "average_slip_bps": 45.62985310843234,
    "buy_trades": 6,
    "cash_delta": -36.02313973345346,
    "fees": 1.2690235809449493,
    "gross_notional": 2538.047161889899,
    "holding_cycles": 6,
    "sell_trades": 6,
    "slip_bps_sum": 547.5582373011881,
    "total_qty": 12.0,
    "trades": 12
  },
  "NVDA": {
    "average_holding_seconds": 7200.0,
    "average_slip_bps": 42.683911400244234,
    "buy_trades": 4,
    "cash_delta": -12.150066599721697,
    "fees": 0.552530801431125,
    "gross_notional": 1105.0616028622499,
    "holding_cycles": 4,
    "sell_trades": 4,
    "slip_bps_sum": 341.4712912019539,
    "total_qty": 8.0,
    "trades": 8
  },
  "__overall__": {
    "average_holding_seconds": 11160.0,
    "average_slip_bps": 52.23908866686297,
    "buy_trades": 20,
    "cash_delta": -104.10240753950578,
    "fees": 3.7238862228208616,
    "gross_notional": 7447.772445641724,
    "holding_cycles": 20,
    "sell_trades": 20,
    "slip_bps_sum": 2089.563546674519,
    "total_qty": 40.0,
    "trades": 40,
    "worst_cumulative_cash": -511.03862578756855
  }
}