{
  "balance": 99195.40240456421,
  "cash": 99195.40240456421,
  "fees_paid": 119.64788429792557,
  "flatten_end": true,
  "initial_cash": 100000.0,
  "kronos_only": true,
  "kronos_sharpe_cutoff": -1.0,
  "max_drawdown": 1943.8371742403542,
  "max_drawdown_pct": 0.019405639406532713,
  "mode": "simulation",
  "pnl": -804.5975954357855,
  "real_analytics": true,
  "return": -0.008045975954357855,
  "sharpe": -1.5760998272602782,
  "sharpe_cutoff": null,
  "step_size": 1,
  "steps": 20,
  "symbols": [
    "AAPL",
    "MSFT",
    "NVDA"
  ],
  "top_k": 4
}