{
  "balance": 101635.98865695069,
  "cash": 101635.98865695069,
  "fees_paid": 31.737458332020722,
  "flatten_end": true,
  "initial_cash": 100000.0,
  "kronos_only": true,
  "kronos_sharpe_cutoff": -1.0,
  "max_drawdown": 329.01149787337636,
  "max_drawdown_pct": 0.003237144336675595,
  "mode": "simulation",
  "pnl": 1635.9886569506925,
  "real_analytics": true,
  "return": 0.016359886569506925,
  "sharpe": 10.02915966678771,
  "sharpe_cutoff": null,
  "step_size": 1,
  "steps": 4,
  "symbols": [
    "AAPL"
  ],
  "top_k": 4
}