{
  "balance": 101504.91123043123,
  "cash": 101504.91123043123,
  "fees_paid": 38.34543555666812,
  "flatten_end": true,
  "initial_cash": 100000.0,
  "kronos_only": true,
  "kronos_sharpe_cutoff": -1.0,
  "max_drawdown": 329.01149787337636,
  "max_drawdown_pct": 0.0032409586607315133,
  "mode": "simulation",
  "pnl": 1504.9112304312293,
  "real_analytics": true,
  "return": 0.015049112304312294,
  "sharpe": 8.69093347739354,
  "sharpe_cutoff": null,
  "step_size": 1,
  "steps": 4,
  "symbols": [
    "AAPL"
  ],
  "top_k": 4
}