{
  "balance": 99875.01902739669,
  "cash": 99875.01902739669,
  "fees_paid": 96.95343897419072,
  "flatten_end": true,
  "initial_cash": 100000.0,
  "kronos_only": true,
  "kronos_sharpe_cutoff": -1.0,
  "max_drawdown": 1637.3302620282193,
  "max_drawdown_pct": 0.01612962719894561,
  "mode": "simulation",
  "pnl": -124.9809726033127,
  "real_analytics": true,
  "return": -0.001249809726033127,
  "sharpe": -0.22616454779195824,
  "sharpe_cutoff": null,
  "step_size": 1,
  "steps": 20,
  "symbols": [
    "AAPL",
    "MSFT",
    "NVDA"
  ],
  "top_k": 4
}