{
  "yahoo": {
    "avg_ms": 322.8528,
    "delta_avg_ms": 0.009999999999990905,
    "delta_p95_ms": 0.7119999999999891,
    "latest_timestamp": "2025-10-24T22:06:21.130468+00:00",
    "p95_ms": 369.7084,
    "window": 5
  }
}