{
  "balance": 99986.40677272329,
  "cash": 99986.40677272329,
  "fees_paid": 170.337443460036,
  "flatten_end": true,
  "initial_cash": 100000.0,
  "kronos_only": true,
  "kronos_sharpe_cutoff": -1.0,
  "max_drawdown": 1657.6841054078977,
  "max_drawdown_pct": 0.016542220970612496,
  "mode": "simulation",
  "pnl": -13.593227276709513,
  "real_analytics": true,
  "return": -0.00013593227276709514,
  "sharpe": -0.5279082074838116,
  "sharpe_cutoff": null,
  "step_size": 1,
  "steps": 20,
  "symbols": [
    "AAPL",
    "MSFT",
    "NVDA"
  ],
  "top_k": 4
}