{
  "AAPL": {
    "average_holding_seconds": 24000.0,
    "buy_trades": 6,
    "cash_delta": 991.0148940925528,
    "fees": 54.86140738410125,
    "gross_notional": 109722.81476820249,
    "holding_cycles": 6,
    "sell_trades": 9,
    "total_qty": 545.0894328361403,
    "trades": 15
  },
  "MSFT": {
    "average_holding_seconds": 30600.0,
    "buy_trades": 8,
    "cash_delta": 292.37888537455,
    "fees": 37.68191350512305,
    "gross_notional": 75363.8270102461,
    "holding_cycles": 4,
    "sell_trades": 4,
    "total_qty": 332.4788112812894,
    "trades": 12
  },
  "__overall__": {
    "average_holding_seconds": 26640.0,
    "buy_trades": 14,
    "cash_delta": 1283.3937794671028,
    "fees": 92.5433208892243,
    "gross_notional": 185086.6417784486,
    "holding_cycles": 10,
    "sell_trades": 13,
    "total_qty": 877.5682441174297,
    "trades": 27
  }
}