{
  "AAPL": {
    "average_holding_seconds": 14896.551724137931,
    "average_slip_bps": 61.96089600248712,
    "buy_trades": 29,
    "cash_delta": -152.0705740455432,
    "fees": 5.58720367470696,
    "gross_notional": 11174.407349413925,
    "holding_cycles": 29,
    "sell_trades": 29,
    "slip_bps_sum": 3593.7319681442527,
    "total_qty": 58.0,
    "trades": 58
  },
  "AMZN": {
    "average_holding_seconds": 16338.461538461539,
    "average_slip_bps": 61.719499598441146,
    "buy_trades": 27,
    "cash_delta": -3905.4689002546593,
    "fees": 84.06811638773618,
    "gross_notional": 168136.23277547242,
    "holding_cycles": 26,
    "sell_trades": 28,
    "slip_bps_sum": 3394.572477914263,
    "total_qty": 1109.6999999999998,
    "trades": 55
  },
  "GOOG": {
    "average_holding_seconds": 15840.0,
    "average_slip_bps": 18.670420431754405,
    "buy_trades": 29,
    "cash_delta": -2064.8787858859205,
    "fees": 243.87446610904317,
    "gross_notional": 487748.9322180864,
    "holding_cycles": 25,
    "sell_trades": 32,
    "slip_bps_sum": 1138.8956463370187,
    "total_qty": 4602.6,
    "trades": 61
  },
  "MSFT": {
    "average_holding_seconds": 16320.0,
    "average_slip_bps": 63.78681594212272,
    "buy_trades": 15,
    "cash_delta": -83.57797026945883,
    "fees": 3.4314543362625476,
    "gross_notional": 6862.908672525094,
    "holding_cycles": 15,
    "sell_trades": 15,
    "slip_bps_sum": 1913.6044782636816,
    "total_qty": 30.0,
    "trades": 30
  },
  "NVDA": {
    "average_holding_seconds": 13703.225806451614,
    "average_slip_bps": 49.09216902268979,
    "buy_trades": 31,
    "cash_delta": -71.95951491227768,
    "fees": 3.9758507507617953,
    "gross_notional": 7951.701501523591,
    "holding_cycles": 31,
    "sell_trades": 31,
    "slip_bps_sum": 3043.7144794067667,
    "total_qty": 62.0,
    "trades": 62
  },
  "SOXX": {
    "average_holding_seconds": 13655.172413793103,
    "average_slip_bps": 36.443843353619535,
    "buy_trades": 35,
    "cash_delta": -2085.624312289183,
    "fees": 321.357678972556,
    "gross_notional": 642715.357945112,
    "holding_cycles": 29,
    "sell_trades": 38,
    "slip_bps_sum": 2660.400564814226,
    "total_qty": 6695.2,
    "trades": 73
  },
  "XLK": {
    "average_holding_seconds": 14400.0,
    "average_slip_bps": 33.54701037006797,
    "buy_trades": 29,
    "cash_delta": -344.188826815054,
    "fees": 234.10520982807114,
    "gross_notional": 468210.41965614224,
    "holding_cycles": 27,
    "sell_trades": 35,
    "slip_bps_sum": 2147.0086636843503,
    "total_qty": 4410.1,
    "trades": 64
  },
  "__overall__": {
    "average_holding_seconds": 14874.725274725275,
    "average_slip_bps": 44.39684436368377,
    "buy_trades": 195,
    "cash_delta": -8707.768884472096,
    "fees": 896.3999800591378,
    "gross_notional": 1792799.9601182756,
    "holding_cycles": 182,
    "sell_trades": 208,
    "slip_bps_sum": 17891.92827856456,
    "total_qty": 16967.6,
    "trades": 403,
    "worst_cumulative_cash": -40880.801505343625
  }
}