{
  "balance": 91292.23111552808,
  "cash": 91292.23111552808,
  "entry_limits": {
    "per_key": {},
    "per_symbol": {}
  },
  "fees_paid": 896.3999800591387,
  "flatten_end": true,
  "initial_cash": 100000.0,
  "kronos_only": true,
  "kronos_sharpe_cutoff": -1.0,
  "max_drawdown": 9036.299330458147,
  "max_drawdown_pct": 0.0903504616908932,
  "mode": "simulation",
  "pnl": -8707.768884471923,
  "real_analytics": true,
  "return": -0.08707768884471923,
  "sharpe": -5.721061588301322,
  "sharpe_cutoff": null,
  "step_size": 1,
  "steps": 60,
  "symbols": [
    "AAPL",
    "MSFT",
    "NVDA",
    "AMZN",
    "GOOG",
    "XLK",
    "SOXX"
  ],
  "top_k": 4
}