{
  "balance": 94215.06330999728,
  "cash": 94215.06330999728,
  "entry_limits": {
    "per_key": {},
    "per_symbol": {}
  },
  "fees_paid": 851.5647963483779,
  "flatten_end": true,
  "initial_cash": 100000.0,
  "kronos_only": true,
  "kronos_sharpe_cutoff": -1.0,
  "max_drawdown": 7737.754921122803,
  "max_drawdown_pct": 0.07737754921122804,
  "mode": "simulation",
  "pnl": -5784.9366900027235,
  "real_analytics": true,
  "return": -0.05784936690002723,
  "sharpe": -3.890423538239852,
  "sharpe_cutoff": null,
  "step_size": 1,
  "steps": 60,
  "symbols": [
    "AAPL",
    "MSFT",
    "NVDA",
    "AMZN",
    "GOOG",
    "XLK",
    "SOXX"
  ],
  "top_k": 4
}