{
  "AAPL": {
    "avg_entries": 9.9,
    "entry_limit": 10.0,
    "entry_runs": 10.0,
    "fees": 1915.8052434158028,
    "latest": 883.9855575425108,
    "observations": 75,
    "pnl": -6967.074397065418,
    "sma": 819.4660076239381,
    "std": 687.551971704676,
    "trades": 1123.0
  },
  "AMZN": {
    "avg_entries": 8.0,
    "entry_limit": 8.0,
    "entry_runs": 1.0,
    "fees": 22.978498942750775,
    "latest": -471.8000261111292,
    "observations": 1,
    "pnl": -471.8000261111292,
    "sma": -471.8000261111292,
    "std": 0.0,
    "trades": 25.0
  },
  "GOOG": {
    "avg_entries": 6.0,
    "entry_limit": 6.0,
    "entry_runs": 1.0,
    "fees": 10.587643456679318,
    "latest": -33.47249276305185,
    "observations": 1,
    "pnl": -33.47249276305185,
    "sma": -33.47249276305185,
    "std": 0.0,
    "trades": 15.0
  },
  "IWM": {
    "avg_entries": 0.0,
    "entry_limit": 0.0,
    "entry_runs": 0.0,
    "fees": 0.0,
    "latest": 249.42999267578125,
    "observations": 256,
    "pct_change": 0.10308684796544976,
    "pnl": 23.30999755859375,
    "provider": "yahoo",
    "sma": 239.8172003173828,
    "std": 16.081922909789828,
    "trades": 0.0
  },
  "KRE": {
    "avg_entries": 0.0,
    "entry_limit": 0.0,
    "entry_runs": 0.0,
    "fees": 0.0,
    "latest": 61.220001220703125,
    "observations": 256,
    "pct_change": 0.01257032993283079,
    "pnl": 0.7600021362304688,
    "provider": "yahoo",
    "sma": 63.38759941101074,
    "std": 4.102637051927042,
    "trades": 0.0
  },
  "MSFT": {
    "avg_entries": 6.0,
    "entry_limit": 8.0,
    "entry_runs": 28.0,
    "fees": 1917.1104668931248,
    "latest": 263.83272228623537,
    "observations": 83,
    "pnl": 5796.087882825921,
    "sma": 672.541494566769,
    "std": 520.2111365376498,
    "trades": 885.0
  },
  "NVDA": {
    "avg_entries": 1.1111111111111112,
    "entry_limit": 1.0,
    "entry_runs": 27.0,
    "fees": 820.425759123076,
    "latest": -1161.4115071054466,
    "observations": 82,
    "pnl": -13271.573373524465,
    "sma": -1141.2284706592702,
    "std": 500.0341601408164,
    "trades": 655.0
  },
  "QQQ": {
    "avg_entries": 0.0,
    "entry_limit": 0.0,
    "entry_runs": 0.0,
    "fees": 0.0,
    "latest": 617.0999755859375,
    "observations": 256,
    "pct_change": 0.25618315640903305,
    "pnl": 125.8499755859375,
    "provider": "yahoo",
    "sma": 590.7493994140625,
    "std": 42.68051965542844,
    "trades": 0.0
  },
  "SMH": {
    "avg_entries": 0.0,
    "entry_limit": 0.0,
    "entry_runs": 0.0,
    "fees": 0.0,
    "latest": 351.1400146484375,
    "observations": 256,
    "pct_change": 0.39573897802990343,
    "pnl": 99.56001281738281,
    "provider": "yahoo",
    "sma": 316.66939819335937,
    "std": 37.167925991661306,
    "trades": 0.0
  },
  "SOXX": {
    "avg_entries": 0.0,
    "entry_limit": 0.0,
    "entry_runs": 0.0,
    "fees": 0.0,
    "latest": 295.8599853515625,
    "observations": 256,
    "pct_change": 0.29111932459929946,
    "pnl": 66.70999145507812,
    "provider": "yahoo",
    "sma": 266.0823986816406,
    "std": 28.068707992289752,
    "trades": 0.0
  },
  "XHB": {
    "avg_entries": 0.0,
    "entry_limit": 0.0,
    "entry_runs": 0.0,
    "fees": 0.0,
    "latest": 108.81999969482422,
    "observations": 256,
    "pct_change": -0.12503017374247957,
    "pnl": -15.550003051757812,
    "provider": "yahoo",
    "sma": 111.97700012207031,
    "std": 8.695217215671246,
    "trades": 0.0
  },
  "XLB": {
    "avg_entries": 0.0,
    "entry_limit": 0.0,
    "entry_runs": 0.0,
    "fees": 0.0,
    "latest": 89.01000213623047,
    "observations": 256,
    "pct_change": -0.08463591020506862,
    "pnl": -8.229995727539062,
    "provider": "yahoo",
    "sma": 90.08020034790039,
    "std": 3.707229910171849,
    "trades": 0.0
  },
  "XLC": {
    "avg_entries": 0.0,
    "entry_limit": 0.0,
    "entry_runs": 0.0,
    "fees": 0.0,
    "latest": 115.55000305175781,
    "observations": 256,
    "pct_change": 0.2759497147401659,
    "pnl": 24.990005493164062,
    "provider": "yahoo",
    "sma": 115.01220016479492,
    "std": 7.7446259734859,
    "trades": 0.0
  },
  "XLE": {
    "avg_entries": 0.0,
    "entry_limit": 0.0,
    "entry_runs": 0.0,
    "fees": 0.0,
    "latest": 88.06999969482422,
    "observations": 256,
    "pct_change": -0.028353924449802306,
    "pnl": -2.5699996948242188,
    "provider": "yahoo",
    "sma": 88.23280014038086,
    "std": 4.017356006690901,
    "trades": 0.0
  },
  "XLF": {
    "avg_entries": 0.0,
    "entry_limit": 0.0,
    "entry_runs": 0.0,
    "fees": 0.0,
    "latest": 53.11000061035156,
    "observations": 256,
    "pct_change": 0.11552194768937195,
    "pnl": 5.5,
    "provider": "yahoo",
    "sma": 53.33819999694824,
    "std": 2.1862646737602955,
    "trades": 0.0
  },
  "XLI": {
    "avg_entries": 0.0,
    "entry_limit": 0.0,
    "entry_runs": 0.0,
    "fees": 0.0,
    "latest": 154.91000366210938,
    "observations": 256,
    "pct_change": 0.1156643633607094,
    "pnl": 16.05999755859375,
    "provider": "yahoo",
    "sma": 152.4783999633789,
    "std": 8.724840922397505,
    "trades": 0.0
  },
  "XLK": {
    "avg_entries": 4.0,
    "entry_limit": 6.0,
    "entry_runs": 1.0,
    "fees": 7.590003181580425,
    "latest": 293.9,
    "observations": 365,
    "pnl": 87.38999999999999,
    "sma": 275.36220000000003,
    "std": 22.678239029109765,
    "trades": 11.0
  },
  "XLP": {
    "avg_entries": 0.0,
    "entry_limit": 0.0,
    "entry_runs": 0.0,
    "fees": 0.0,
    "latest": 79.08999633789062,
    "observations": 256,
    "pct_change": -0.03619304544315199,
    "pnl": -2.970001220703125,
    "provider": "yahoo",
    "sma": 79.6797998046875,
    "std": 1.5838697561942703,
    "trades": 0.0
  },
  "XLU": {
    "avg_entries": 0.0,
    "entry_limit": 0.0,
    "entry_runs": 0.0,
    "fees": 0.0,
    "latest": 91.38999938964844,
    "observations": 256,
    "pct_change": 0.12162488493407193,
    "pnl": 9.909996032714844,
    "provider": "yahoo",
    "sma": 87.0420001220703,
    "std": 3.987104386704958,
    "trades": 0.0
  },
  "XLV": {
    "avg_entries": 0.0,
    "entry_limit": 0.0,
    "entry_runs": 0.0,
    "fees": 0.0,
    "latest": 146.02999877929688,
    "observations": 256,
    "pct_change": -0.04173502615542096,
    "pnl": -6.3600006103515625,
    "provider": "yahoo",
    "sma": 139.57119903564453,
    "std": 5.815453644838803,
    "trades": 0.0
  },
  "XLY": {
    "avg_entries": 0.0,
    "entry_limit": 0.0,
    "entry_runs": 0.0,
    "fees": 0.0,
    "latest": 237.66000366210938,
    "observations": 256,
    "pct_change": 0.19589397057072233,
    "pnl": 38.93000793457031,
    "provider": "yahoo",
    "sma": 235.73599975585938,
    "std": 14.879284276364627,
    "trades": 0.0
  },
  "XOP": {
    "avg_entries": 0.0,
    "entry_limit": 0.0,
    "entry_runs": 0.0,
    "fees": 0.0,
    "latest": 128.4600067138672,
    "observations": 256,
    "pct_change": -0.05321334280409954,
    "pnl": -7.2199859619140625,
    "provider": "yahoo",
    "sma": 129.898399810791,
    "std": 8.7475452619722,
    "trades": 0.0
  }
}