{
  "AAPL": {
    "average_holding_seconds": 14896.551724137931,
    "average_slip_bps": 61.96089600248712,
    "buy_trades": 29,
    "cash_delta": -152.0705740455432,
    "fees": 5.58720367470696,
    "gross_notional": 11174.407349413925,
    "holding_cycles": 29,
    "sell_trades": 29,
    "slip_bps_sum": 3593.7319681442527,
    "total_qty": 58.0,
    "trades": 58
  },
  "AMZN": {
    "average_holding_seconds": 17400.0,
    "average_slip_bps": 63.40429274762394,
    "buy_trades": 26,
    "cash_delta": -3894.844886157608,
    "fees": 83.77925249289817,
    "gross_notional": 167558.5049857964,
    "holding_cycles": 24,
    "sell_trades": 26,
    "slip_bps_sum": 3297.023222876445,
    "total_qty": 1106.2,
    "trades": 52
  },
  "GOOG": {
    "average_holding_seconds": 13406.896551724138,
    "average_slip_bps": 20.308411385133194,
    "buy_trades": 33,
    "cash_delta": -2091.230126002856,
    "fees": 297.9387495217345,
    "gross_notional": 595877.4990434689,
    "holding_cycles": 29,
    "sell_trades": 37,
    "slip_bps_sum": 1421.5887969593236,
    "total_qty": 6031.2,
    "trades": 70
  },
  "MSFT": {
    "average_holding_seconds": 16320.0,
    "average_slip_bps": 63.78681594212272,
    "buy_trades": 15,
    "cash_delta": -83.57797026945883,
    "fees": 3.4314543362625476,
    "gross_notional": 6862.908672525094,
    "holding_cycles": 15,
    "sell_trades": 15,
    "slip_bps_sum": 1913.6044782636816,
    "total_qty": 30.0,
    "trades": 30
  },
  "NVDA": {
    "average_holding_seconds": 13703.225806451614,
    "average_slip_bps": 49.09216902268979,
    "buy_trades": 31,
    "cash_delta": -71.95951491227768,
    "fees": 3.9758507507617953,
    "gross_notional": 7951.701501523591,
    "holding_cycles": 31,
    "sell_trades": 31,
    "slip_bps_sum": 3043.7144794067667,
    "total_qty": 62.0,
    "trades": 62
  },
  "SOXX": {
    "average_holding_seconds": 16416.0,
    "average_slip_bps": 33.67810977021404,
    "buy_trades": 25,
    "cash_delta": 3097.883686608775,
    "fees": 292.641090707021,
    "gross_notional": 585282.1814140421,
    "holding_cycles": 25,
    "sell_trades": 44,
    "slip_bps_sum": 2323.789574144769,
    "total_qty": 6097.799999999999,
    "trades": 69
  },
  "XLK": {
    "average_holding_seconds": 16500.0,
    "average_slip_bps": 32.84205516701663,
    "buy_trades": 27,
    "cash_delta": -2589.123789382985,
    "fees": 164.19767902425173,
    "gross_notional": 328395.35804850364,
    "holding_cycles": 24,
    "sell_trades": 28,
    "slip_bps_sum": 1806.3130341859146,
    "total_qty": 2967.5,
    "trades": 55
  },
  "__overall__": {
    "average_holding_seconds": 15335.593220338984,
    "average_slip_bps": 43.93880190399281,
    "buy_trades": 186,
    "cash_delta": -5784.923174161954,
    "fees": 851.5512805076368,
    "gross_notional": 1703102.5610152737,
    "holding_cycles": 177,
    "sell_trades": 210,
    "slip_bps_sum": 17399.765553981153,
    "total_qty": 16352.699999999999,
    "trades": 396,
    "worst_cumulative_cash": -45587.64079666045
  }
}