start_index,cumulative_return,average_turnover,max_drawdown,average_gross_exposure_close,run
1500.0,-0.062889337539672,0.047465417534112,0.08465959876775701,1.124745726585388,v11
500.0,-0.016281366348266,0.044774074107408,0.07076827436685501,1.124818921089172,v11
