{
  "total_return": -0.16476497287803848,
  "sortino": -10.44402637296093,
  "mean_hourly_return": -0.0002478363277143371
}