{
  "AAPL": {
    "best_strategy": "rolling_norm",
    "selection_value": 0.39923240864950155,
    "selection_metric": "mae_percent",
    "comparison": {
      "baseline": {
        "validation": {
          "mae": 1.0208963424077744,
          "mae_percent": 0.40944825424548026,
          "rmse": 1.524374824125726,
          "pct_return_mae": 0.004107971108038543,
          "latency_s": 35.76147302486061
        },
        "test": {
          "mae": 1.2030125716146862,
          "mae_percent": 0.4543608998665112,
          "rmse": 1.8195635031802062,
          "pct_return_mae": 0.0045333702356181406,
          "latency_s": 34.69436231305008
        }
      },
      "percent_change": {
        "validation": {
          "mae": 0.9858974159411685,
          "mae_percent": 0.39541132537528767,
          "rmse": 1.4513506555229814,
          "pct_return_mae": 0.003965333796979225,
          "latency_s": 39.83967830904294
        },
        "test": {
          "mae": 1.2007955468609526,
          "mae_percent": 0.45352356085119166,
          "rmse": 1.7804008467358095,
          "pct_return_mae": 0.004528364520931716,
          "latency_s": 40.63991273212014
        }
      },
      "log_returns": {
        "validation": {
          "mae": 1.0234848414505255,
          "mae_percent": 0.41048641685822,
          "rmse": 1.4610837013929532,
          "pct_return_mae": 0.004118281660819799,
          "latency_s": 41.08561337388528
        },
        "test": {
          "mae": 1.1993537857605314,
          "mae_percent": 0.4529790279955619,
          "rmse": 1.833191545746075,
          "pct_return_mae": 0.00452078028678914,
          "latency_s": 40.36196399608161
        }
      },
      "differencing": {
        "validation": {
          "mae": 103.92209059977665,
          "mae_percent": 41.6797639545497,
          "rmse": 104.15192127380143,
          "pct_return_mae": 0.41667546279008694,
          "latency_s": 39.93086631693586
        },
        "test": {
          "mae": 131.5067023796313,
          "mae_percent": 49.668228779594656,
          "rmse": 132.25315454718245,
          "pct_return_mae": 0.4958182365063447,
          "latency_s": 39.04357405805786
        }
      },
      "detrending": {
        "validation": {
          "mae": 0.9534734178707576,
          "mae_percent": 0.3824071163737377,
          "rmse": 1.4094318918234663,
          "pct_return_mae": 0.003831290488127297,
          "latency_s": 37.22417665901594
        },
        "test": {
          "mae": 1.142666356348913,
          "mae_percent": 0.43156898453773523,
          "rmse": 1.720220101985082,
          "pct_return_mae": 0.004306285820454311,
          "latency_s": 37.83257023603073
        }
      },
      "robust_scaling": {
        "validation": {
          "mae": 0.9703586248290169,
          "mae_percent": 0.3891792226341316,
          "rmse": 1.440790726391314,
          "pct_return_mae": 0.003906661305298834,
          "latency_s": 38.87408314914501
        },
        "test": {
          "mae": 1.212639963024592,
          "mae_percent": 0.45799702996821134,
          "rmse": 1.7845173721343695,
          "pct_return_mae": 0.004574020815886517,
          "latency_s": 38.71915852307575
        }
      },
      "minmax_standard": {
        "validation": {
          "mae": 0.9952296345563665,
          "mae_percent": 0.39915417414602383,
          "rmse": 1.463580644448755,
          "pct_return_mae": 0.0040042106052308925,
          "latency_s": 39.60713288288389
        },
        "test": {
          "mae": 1.2046694216012082,
          "mae_percent": 0.45498666876417904,
          "rmse": 1.7830913914034627,
          "pct_return_mae": 0.004542927906607178,
          "latency_s": 40.47993485596089
        }
      },
      "rolling_norm": {
        "validation": {
          "mae": 0.9080079719120668,
          "mae_percent": 0.3641724076153802,
          "rmse": 1.353163949220902,
          "pct_return_mae": 0.0036568458956948804,
          "latency_s": 39.84229626903834
        },
        "test": {
          "mae": 1.0570487177538084,
          "mae_percent": 0.39923240864950155,
          "rmse": 1.6289659094148379,
          "pct_return_mae": 0.003984681246785686,
          "latency_s": 39.29513720188697
        }
      }
    },
    "output_path": "preaugstrategies/chronos2/hourly/AAPL.json"
  }
}