{
  "LINKUSD": {
    "best_strategy": "baseline",
    "selection_value": 0.6914760364688863,
    "selection_metric": "mae_percent",
    "comparison": {
      "baseline": {
        "validation": {
          "mae": 0.13780059718171295,
          "mae_percent": 0.8393146453811822,
          "rmse": 0.1884191770850088,
          "pct_return_mae": 0.008500189500313253,
          "latency_s": 34.556872816043324
        },
        "test": {
          "mae": 0.10756997265864962,
          "mae_percent": 0.6914760364688863,
          "rmse": 0.1441274294102432,
          "pct_return_mae": 0.006931680049374246,
          "latency_s": 33.51733414613409
        }
      },
      "percent_change": {
        "validation": {
          "mae": 0.13519360912194683,
          "mae_percent": 0.8234360258131537,
          "rmse": 0.18649965717283332,
          "pct_return_mae": 0.008348304140950774,
          "latency_s": 38.65367620301549
        },
        "test": {
          "mae": 0.11015691616068962,
          "mae_percent": 0.7081053001485933,
          "rmse": 0.1455671241891123,
          "pct_return_mae": 0.007095349336004866,
          "latency_s": 38.66166003594117
        }
      },
      "log_returns": {
        "validation": {
          "mae": 0.135543013353619,
          "mae_percent": 0.8255641739837591,
          "rmse": 0.1852469145511908,
          "pct_return_mae": 0.008367785880384487,
          "latency_s": 38.07050710300973
        },
        "test": {
          "mae": 0.11255766334603491,
          "mae_percent": 0.7235376657730993,
          "rmse": 0.14856863683602567,
          "pct_return_mae": 0.007257391201836991,
          "latency_s": 37.69335614609008
        }
      },
      "differencing": {
        "validation": {
          "mae": 1.5922949929396322,
          "mae_percent": 9.698336107927357,
          "rmse": 1.9981090865709035,
          "pct_return_mae": 0.1009365047897709,
          "latency_s": 37.83011793704645
        },
        "test": {
          "mae": 5.834760757504275,
          "mae_percent": 37.506723694596324,
          "rmse": 6.352035788971725,
          "pct_return_mae": 0.37223632363881715,
          "latency_s": 37.29471024297527
        }
      },
      "detrending": {
        "validation": {
          "mae": 0.13596044297357987,
          "mae_percent": 0.8281066505812085,
          "rmse": 0.18479729200550457,
          "pct_return_mae": 0.00839133008016439,
          "latency_s": 39.099107042959076
        },
        "test": {
          "mae": 0.11336365345771095,
          "mae_percent": 0.7287186919840422,
          "rmse": 0.14960706206812538,
          "pct_return_mae": 0.007302952470127302,
          "latency_s": 39.86496285996691
        }
      },
      "robust_scaling": {
        "validation": {
          "mae": 0.13631143189858147,
          "mae_percent": 0.8302444507877779,
          "rmse": 0.18666562398808734,
          "pct_return_mae": 0.008414081672522337,
          "latency_s": 40.20011872795294
        },
        "test": {
          "mae": 0.10821170661399696,
          "mae_percent": 0.6956011992902918,
          "rmse": 0.14418236606858584,
          "pct_return_mae": 0.0069704596270332275,
          "latency_s": 41.04272233911615
        }
      },
      "minmax_standard": {
        "validation": {
          "mae": 0.1352347713156797,
          "mae_percent": 0.8236867361347531,
          "rmse": 0.18673037280295013,
          "pct_return_mae": 0.00835287384469913,
          "latency_s": 40.392717861032
        },
        "test": {
          "mae": 0.10958699782279133,
          "mae_percent": 0.7044417789664192,
          "rmse": 0.14511719022314315,
          "pct_return_mae": 0.007057666016886883,
          "latency_s": 40.090355384978466
        }
      },
      "rolling_norm": {
        "validation": {
          "mae": 0.14484889883038424,
          "mae_percent": 0.8822443780513046,
          "rmse": 0.20416082351014567,
          "pct_return_mae": 0.008906691895169471,
          "latency_s": 40.315702010921086
        },
        "test": {
          "mae": 0.11484620258477178,
          "mae_percent": 0.7382487417638586,
          "rmse": 0.15292274733718414,
          "pct_return_mae": 0.007382741114677384,
          "latency_s": 40.02151283505373
        }
      }
    },
    "output_path": "preaugstrategies/chronos2/hourly/LINKUSD.json"
  }
}