{
  "ETHUSD": {
    "best_strategy": "detrending",
    "selection_value": 0.48757763017188793,
    "selection_metric": "mae_percent",
    "comparison": {
      "baseline": {
        "validation": {
          "mae": 22.031105306188255,
          "mae_percent": 0.5963541244023234,
          "rmse": 31.221006338294348,
          "pct_return_mae": 0.006042676894505012,
          "latency_s": 34.57650121898041
        },
        "test": {
          "mae": 17.580348981743956,
          "mae_percent": 0.5094077095520981,
          "rmse": 23.625161511212404,
          "pct_return_mae": 0.0050874926190820164,
          "latency_s": 33.81305573009013
        }
      },
      "percent_change": {
        "validation": {
          "mae": 22.240013631729305,
          "mae_percent": 0.6020090082507246,
          "rmse": 31.37584840146494,
          "pct_return_mae": 0.006101026997864495,
          "latency_s": 39.71508467003878
        },
        "test": {
          "mae": 17.541430332959653,
          "mae_percent": 0.5082800038531577,
          "rmse": 23.453848729277457,
          "pct_return_mae": 0.005074766774807506,
          "latency_s": 39.12343364293338
        }
      },
      "log_returns": {
        "validation": {
          "mae": 24.154446749535765,
          "mae_percent": 0.6538302886553713,
          "rmse": 33.1710219040534,
          "pct_return_mae": 0.006618511273130779,
          "latency_s": 39.20481204308453
        },
        "test": {
          "mae": 18.08632686405303,
          "mae_percent": 0.5240689107818771,
          "rmse": 24.492640319121584,
          "pct_return_mae": 0.005233538368210711,
          "latency_s": 39.40624392913014
        }
      },
      "differencing": {
        "validation": {
          "mae": 358.30407985575533,
          "mae_percent": 9.698837749740148,
          "rmse": 388.4014831367486,
          "pct_return_mae": 0.09554875435737048,
          "latency_s": 39.88069420293323
        },
        "test": {
          "mae": 283.0504678905231,
          "mae_percent": 8.201662588466874,
          "rmse": 314.80116935857035,
          "pct_return_mae": 0.08268438929213379,
          "latency_s": 39.775491451859125
        }
      },
      "detrending": {
        "validation": {
          "mae": 21.280961106332327,
          "mae_percent": 0.5760486707601538,
          "rmse": 30.47821113458763,
          "pct_return_mae": 0.005842540498634176,
          "latency_s": 40.34650344801776
        },
        "test": {
          "mae": 16.826963419242926,
          "mae_percent": 0.48757763017188793,
          "rmse": 23.241174023249975,
          "pct_return_mae": 0.00487994581808945,
          "latency_s": 41.163120874087326
        }
      },
      "robust_scaling": {
        "validation": {
          "mae": 22.142747080383565,
          "mae_percent": 0.5993761258666923,
          "rmse": 31.14565559817456,
          "pct_return_mae": 0.0060769538445528916,
          "latency_s": 41.370132725001895
        },
        "test": {
          "mae": 17.440060028405156,
          "mae_percent": 0.5053427006907844,
          "rmse": 23.358056196975017,
          "pct_return_mae": 0.005048024499375013,
          "latency_s": 40.83846560512029
        }
      },
      "minmax_standard": {
        "validation": {
          "mae": 22.010876425740793,
          "mae_percent": 0.5958065542228328,
          "rmse": 31.213625302088904,
          "pct_return_mae": 0.0060454137215384595,
          "latency_s": 40.868433364114026
        },
        "test": {
          "mae": 17.50064516000519,
          "mae_percent": 0.5070982138010949,
          "rmse": 23.4019766103223,
          "pct_return_mae": 0.0050633044383945735,
          "latency_s": 41.48392746900208
        }
      },
      "rolling_norm": {
        "validation": {
          "mae": 23.738142752150274,
          "mae_percent": 0.6425614665787832,
          "rmse": 34.4013390101527,
          "pct_return_mae": 0.006547671290560376,
          "latency_s": 41.06791809992865
        },
        "test": {
          "mae": 18.944318500825776,
          "mae_percent": 0.5489300528989719,
          "rmse": 24.82502434058473,
          "pct_return_mae": 0.005487286518840373,
          "latency_s": 38.94583671595319
        }
      }
    },
    "output_path": "preaugstrategies/chronos2/hourly/ETHUSD.json"
  }
}