{
  "LINKUSD": {
    "best_strategy": "baseline",
    "selection_value": 0.7886693390447634,
    "selection_metric": "mae_percent",
    "comparison": {
      "baseline": {
        "validation": {
          "mae": 0.07678681942170673,
          "mae_percent": 0.48911727944358824,
          "rmse": 0.0961595368095387,
          "pct_return_mae": 0.004901021035746439,
          "latency_s": 4.385495686059585
        },
        "test": {
          "mae": 0.12228812343981259,
          "mae_percent": 0.7886693390447634,
          "rmse": 0.16353866537510772,
          "pct_return_mae": 0.00784772935860792,
          "latency_s": 3.7041525679815095
        }
      },
      "percent_change": {
        "validation": {
          "mae": 0.07721405697495713,
          "mae_percent": 0.4918387005324646,
          "rmse": 0.09814523927635563,
          "pct_return_mae": 0.004910593572617099,
          "latency_s": 4.30089811894868
        },
        "test": {
          "mae": 0.12968369815567976,
          "mae_percent": 0.8363654100854628,
          "rmse": 0.1665578035065321,
          "pct_return_mae": 0.008320165728971343,
          "latency_s": 4.1515698640287155
        }
      },
      "log_returns": {
        "validation": {
          "mae": 0.07893690523700289,
          "mae_percent": 0.502812912788842,
          "rmse": 0.09918831856409302,
          "pct_return_mae": 0.005024507601628489,
          "latency_s": 4.27724276202207
        },
        "test": {
          "mae": 0.12503095591324326,
          "mae_percent": 0.8063586110123372,
          "rmse": 0.1599871437204362,
          "pct_return_mae": 0.008023363792159333,
          "latency_s": 4.289716643965221
        }
      },
      "differencing": {
        "validation": {
          "mae": 8.711524428041614,
          "mae_percent": 55.490736042200915,
          "rmse": 8.726690507999644,
          "pct_return_mae": 0.5539148502479587,
          "latency_s": 4.44757849900634
        },
        "test": {
          "mae": 8.487120845263348,
          "mae_percent": 54.735748649551255,
          "rmse": 8.49303686594111,
          "pct_return_mae": 0.547284015237045,
          "latency_s": 4.261430811005994
        }
      },
      "detrending": {
        "validation": {
          "mae": 0.07961744102304316,
          "mae_percent": 0.5071477949305802,
          "rmse": 0.0963912463592319,
          "pct_return_mae": 0.005066777313612275,
          "latency_s": 4.297067673993297
        },
        "test": {
          "mae": 0.12735589011210546,
          "mae_percent": 0.8213527434461518,
          "rmse": 0.16209129395255864,
          "pct_return_mae": 0.008172370127288345,
          "latency_s": 4.385677108017262
        }
      },
      "robust_scaling": {
        "validation": {
          "mae": 0.07434313204457119,
          "mae_percent": 0.4735514605866961,
          "rmse": 0.09400338435330145,
          "pct_return_mae": 0.004734538695142246,
          "latency_s": 4.572015041980194
        },
        "test": {
          "mae": 0.1250527200102713,
          "mae_percent": 0.8064989735883191,
          "rmse": 0.16454754634425445,
          "pct_return_mae": 0.00802370308733694,
          "latency_s": 4.51974024498486
        }
      },
      "minmax_standard": {
        "validation": {
          "mae": 0.07721810581499042,
          "mae_percent": 0.49186449086519224,
          "rmse": 0.0981415359708126,
          "pct_return_mae": 0.004920548654165829,
          "latency_s": 4.461449446971528
        },
        "test": {
          "mae": 0.12850330447624242,
          "mae_percent": 0.8287527304826668,
          "rmse": 0.16383456069008465,
          "pct_return_mae": 0.008244634941320078,
          "latency_s": 4.650683493033284
        }
      },
      "rolling_norm": {
        "validation": {
          "mae": 0.10277192628108231,
          "mae_percent": 0.6546374151755783,
          "rmse": 0.12625515945700053,
          "pct_return_mae": 0.006540712115032113,
          "latency_s": 4.441614257972105
        },
        "test": {
          "mae": 0.13014611737405915,
          "mae_percent": 0.8393476772841281,
          "rmse": 0.16367753271564664,
          "pct_return_mae": 0.008328290714355072,
          "latency_s": 4.460096846014494
        }
      }
    },
    "output_path": "preaugstrategies/chronos2/hourly/LINKUSD.json"
  },
  "SOLUSD": {
    "best_strategy": "minmax_standard",
    "selection_value": 0.5327971591771767,
    "selection_metric": "mae_percent",
    "comparison": {
      "baseline": {
        "validation": {
          "mae": 0.8388868031680247,
          "mae_percent": 0.526845631897174,
          "rmse": 1.04223767432025,
          "pct_return_mae": 0.00528633492549437,
          "latency_s": 3.8039052250096574
        },
        "test": {
          "mae": 0.853947887714483,
          "mae_percent": 0.5475587000362848,
          "rmse": 1.2519502812388401,
          "pct_return_mae": 0.005459226244352306,
          "latency_s": 3.8273550419689855
        }
      },
      "percent_change": {
        "validation": {
          "mae": 0.7982294929837892,
          "mae_percent": 0.5013116430510501,
          "rmse": 1.0066813027712727,
          "pct_return_mae": 0.005029639357683975,
          "latency_s": 4.4392350539856125
        },
        "test": {
          "mae": 0.8576591463856985,
          "mae_percent": 0.5499383908848071,
          "rmse": 1.2134960750335495,
          "pct_return_mae": 0.005478042114917983,
          "latency_s": 4.386288261026493
        }
      },
      "log_returns": {
        "validation": {
          "mae": 0.815218355972138,
          "mae_percent": 0.511981149619171,
          "rmse": 1.010463364000324,
          "pct_return_mae": 0.005131177606936368,
          "latency_s": 4.568381656965357
        },
        "test": {
          "mae": 0.9131719324157033,
          "mae_percent": 0.5855336647783177,
          "rmse": 1.259538309560729,
          "pct_return_mae": 0.0058342417756901245,
          "latency_s": 4.128657627981738
        }
      },
      "differencing": {
        "validation": {
          "mae": 72.30552364858957,
          "mae_percent": 45.409999480784826,
          "rmse": 72.46027281663372,
          "pct_return_mae": 0.4535265511696457,
          "latency_s": 4.011488707998069
        },
        "test": {
          "mae": 82.36999067749476,
          "mae_percent": 52.81634355707885,
          "rmse": 82.43572723150372,
          "pct_return_mae": 0.5282184485539273,
          "latency_s": 4.0197906310495455
        }
      },
      "detrending": {
        "validation": {
          "mae": 0.8177884707673172,
          "mae_percent": 0.5135952574442088,
          "rmse": 0.9984671141783485,
          "pct_return_mae": 0.005150718904052728,
          "latency_s": 4.160085186958895
        },
        "test": {
          "mae": 0.9010136442460919,
          "mae_percent": 0.5777376662629553,
          "rmse": 1.2789401281442787,
          "pct_return_mae": 0.005751968616140816,
          "latency_s": 4.182433325011516
        }
      },
      "robust_scaling": {
        "validation": {
          "mae": 0.7452293571883274,
          "mae_percent": 0.468025996014589,
          "rmse": 0.9418664021450135,
          "pct_return_mae": 0.004694990355109676,
          "latency_s": 4.30709064702387
        },
        "test": {
          "mae": 0.8309932197067681,
          "mae_percent": 0.532839970293058,
          "rmse": 1.1698302146040827,
          "pct_return_mae": 0.005307126311043645,
          "latency_s": 4.688676419988042
        }
      },
      "minmax_standard": {
        "validation": {
          "mae": 0.8002225934821823,
          "mae_percent": 0.5025633688948052,
          "rmse": 0.9870249832470697,
          "pct_return_mae": 0.005042997139520539,
          "latency_s": 4.328762895063846
        },
        "test": {
          "mae": 0.8309264534185601,
          "mae_percent": 0.5327971591771767,