{
  "SOLUSD": {
    "best_strategy": "robust_scaling",
    "selection_value": 0.6042963200420278,
    "selection_metric": "mae_percent",
    "comparison": {
      "baseline": {
        "validation": {
          "mae": 1.25796653373483,
          "mae_percent": 0.7102250267928976,
          "rmse": 1.785708789368869,
          "pct_return_mae": 0.007187870285464945,
          "latency_s": 36.808754368074005
        },
        "test": {
          "mae": 0.9741736179486101,
          "mae_percent": 0.607811450837922,
          "rmse": 1.3176350023239944,
          "pct_return_mae": 0.006078354294935308,
          "latency_s": 36.96839441402699
        }
      },
      "percent_change": {
        "validation": {
          "mae": 1.2259286061185986,
          "mae_percent": 0.6921369955222475,
          "rmse": 1.7445159298818536,
          "pct_return_mae": 0.0070191614875683705,
          "latency_s": 41.9289833431103
        },
        "test": {
          "mae": 0.9808789873507665,
          "mae_percent": 0.6119950996553793,
          "rmse": 1.2996170123496926,
          "pct_return_mae": 0.0061193359134996605,
          "latency_s": 42.36655106197577
        }
      },
      "log_returns": {
        "validation": {
          "mae": 1.2263711385784806,
          "mae_percent": 0.6923868413009291,
          "rmse": 1.766768529030127,
          "pct_return_mae": 0.0070094459228219885,
          "latency_s": 43.14445905118191
        },
        "test": {
          "mae": 0.9777239233813793,
          "mae_percent": 0.6100265757974269,
          "rmse": 1.307167225416461,
          "pct_return_mae": 0.006102038314681721,
          "latency_s": 42.089693162968615
        }
      },
      "differencing": {
        "validation": {
          "mae": 68.41485104148043,
          "mae_percent": 38.62578066342259,
          "rmse": 69.02076860080484,
          "pct_return_mae": 0.390358728998262,
          "latency_s": 41.662739094987046
        },
        "test": {
          "mae": 74.67530450351758,
          "mae_percent": 46.59180287352123,
          "rmse": 75.2647320276421,
          "pct_return_mae": 0.4673584141200877,
          "latency_s": 38.89852207407239
        }
      },
      "detrending": {
        "validation": {
          "mae": 1.2172995391306198,
          "mae_percent": 0.6872651812343591,
          "rmse": 1.7362250451855952,
          "pct_return_mae": 0.006961349933693491,
          "latency_s": 37.33183308708249
        },
        "test": {
          "mae": 0.9798442729843108,
          "mae_percent": 0.6113495153070754,
          "rmse": 1.2892198520481977,
          "pct_return_mae": 0.006112394502810868,
          "latency_s": 37.67403387199738
        }
      },
      "robust_scaling": {
        "validation": {
          "mae": 1.2424741097248784,
          "mae_percent": 0.7014782859516391,
          "rmse": 1.7479618708588116,
          "pct_return_mae": 0.0071064738546960955,
          "latency_s": 39.28816908596491
        },
        "test": {
          "mae": 0.9685397200016761,
          "mae_percent": 0.6042963200420278,
          "rmse": 1.2856650721607825,
          "pct_return_mae": 0.006041590141708004,
          "latency_s": 41.96387274698645
        }
      },
      "minmax_standard": {
        "validation": {
          "mae": 1.2358431977768667,
          "mae_percent": 0.6977345936596383,
          "rmse": 1.7451326335574693,
          "pct_return_mae": 0.007076435737737099,
          "latency_s": 42.745794153932366
        },
        "test": {
          "mae": 0.9746690148434831,
          "mae_percent": 0.6081205414351889,
          "rmse": 1.2906405471637603,
          "pct_return_mae": 0.006079900958569986,
          "latency_s": 41.90634169391706
        }
      },
      "rolling_norm": {
        "validation": {
          "mae": 1.312400206943975,
          "mae_percent": 0.7409572887224906,
          "rmse": 1.9371170020501938,
          "pct_return_mae": 0.0075080039971645324,
          "latency_s": 42.075707131123636
        },
        "test": {
          "mae": 1.0256889272423302,
          "mae_percent": 0.6399531495097823,
          "rmse": 1.3513908532672627,
          "pct_return_mae": 0.006388816327464943,
          "latency_s": 42.31715085597534
        }
      }
    },
    "output_path": "preaugstrategies/chronos2/hourly/SOLUSD.json"
  }
}