{
  "PAXGUSD": {
    "best_strategy": "minmax_standard",
    "selection_value": 0.7696863574237617,
    "selection_metric": "mae_percent",
    "comparison": {
      "baseline": {
        "validation": {
          "mae": 5.477155613630952,
          "mae_percent": 0.27889361604124013,
          "rmse": 6.946724923948605,
          "pct_return_mae": 0.0027876970924494786,
          "latency_s": 35.037895647998084
        },
        "test": {
          "mae": 14.922580148779756,
          "mae_percent": 0.7749882697439441,
          "rmse": 38.70481609890995,
          "pct_return_mae": 0.00785930066376549,
          "latency_s": 33.308611556960386
        }
      },
      "percent_change": {
        "validation": {
          "mae": 4.932395847994788,
          "mae_percent": 0.25115476185679053,
          "rmse": 6.224123671746282,
          "pct_return_mae": 0.0025101766954579406,
          "latency_s": 38.07258570709382
        },
        "test": {
          "mae": 14.842649036404385,
          "mae_percent": 0.7708371327514875,
          "rmse": 38.806865760859395,
          "pct_return_mae": 0.007817896185884356,
          "latency_s": 37.38006549104466
        }
      },
      "log_returns": {
        "validation": {
          "mae": 4.863583385208328,
          "mae_percent": 0.24765087079927564,
          "rmse": 6.127383410453247,
          "pct_return_mae": 0.0024752991267615217,
          "latency_s": 37.17796833097236
        },
        "test": {
          "mae": 14.841019917845978,
          "mae_percent": 0.7707525262182874,
          "rmse": 38.84502057054354,
          "pct_return_mae": 0.007818566151915103,
          "latency_s": 37.94189807694056
        }
      },
      "differencing": {
        "validation": {
          "mae": 27.63450034930617,
          "mae_percent": 1.4071328758179429,
          "rmse": 31.52700019843044,
          "pct_return_mae": 0.01404723822927039,
          "latency_s": 39.179285123886075
        },
        "test": {
          "mae": 21.79142696129464,
          "mae_percent": 1.1317144962606371,
          "rmse": 39.19832379492791,
          "pct_return_mae": 0.011410485100662723,
          "latency_s": 37.87429601304757
        }
      },
      "detrending": {
        "validation": {
          "mae": 4.677773708664428,
          "mae_percent": 0.23818954885731466,
          "rmse": 6.013142685064053,
          "pct_return_mae": 0.0023804445828733258,
          "latency_s": 38.12918980195536
        },
        "test": {
          "mae": 15.09637285071242,
          "mae_percent": 0.7840140081901157,
          "rmse": 39.449226743166335,
          "pct_return_mae": 0.007968414894785709,
          "latency_s": 38.39877922301821
        }
      },
      "robust_scaling": {
        "validation": {
          "mae": 4.890664380107883,
          "mae_percent": 0.2490298194957003,
          "rmse": 6.208057033043064,
          "pct_return_mae": 0.0024891199444048604,
          "latency_s": 39.669846700984635
        },
        "test": {
          "mae": 14.865781412842255,
          "mae_percent": 0.7720384880273119,
          "rmse": 38.854766328523475,
          "pct_return_mae": 0.007829287383138933,
          "latency_s": 39.113039264891995
        }
      },
      "minmax_standard": {
        "validation": {
          "mae": 4.850082671858256,
          "mae_percent": 0.24696342223455583,
          "rmse": 6.176884011972309,
          "pct_return_mae": 0.002468389361668997,
          "latency_s": 39.39642289302719
        },
        "test": {
          "mae": 14.820490588681169,
          "mae_percent": 0.7696863574237617,
          "rmse": 38.826550457222496,
          "pct_return_mae": 0.007806341585395449,
          "latency_s": 39.72249054495478
        }
      },
      "rolling_norm": {
        "validation": {
          "mae": 4.543268871156992,
          "mae_percent": 0.23134063983341707,
          "rmse": 5.866650046388023,
          "pct_return_mae": 0.002312139450263537,
          "latency_s": 39.35415752403787
        },
        "test": {
          "mae": 14.874425224079237,
          "mae_percent": 0.7724873951363879,
          "rmse": 37.55347538040257,
          "pct_return_mae": 0.00782316493506489,
          "latency_s": 39.217187492962694
        }
      }
    },
    "output_path": "preaugstrategies/chronos2/hourly/PAXGUSD.json"
  }
}