{
  "UNIUSD": {
    "best_strategy": "log_returns",
    "selection_value": 1.5288430180504604,
    "selection_metric": "mae_percent",
    "comparison": {
      "baseline": {
        "validation": {
          "mae": 0.05499151709531084,
          "mae_percent": 0.9651321602691652,
          "rmse": 0.07439784318712396,
          "pct_return_mae": 0.009720780582629662,
          "latency_s": 34.62087574986799
        },
        "test": {
          "mae": 0.10261831632160957,
          "mae_percent": 1.585035186045445,
          "rmse": 0.1845517726755449,
          "pct_return_mae": 0.014567681727195504,
          "latency_s": 32.12851688603405
        }
      },
      "percent_change": {
        "validation": {
          "mae": 0.05431516672385641,
          "mae_percent": 0.9532618295421678,
          "rmse": 0.0739258341624318,
          "pct_return_mae": 0.009629653068739601,
          "latency_s": 36.77381009199598
        },
        "test": {
          "mae": 0.10213712797450761,
          "mae_percent": 1.5776027851972247,
          "rmse": 0.18237773515228228,
          "pct_return_mae": 0.014474550731616001,
          "latency_s": 36.184636795165716
        }
      },
      "log_returns": {
        "validation": {
          "mae": 0.04947935743856954,
          "mae_percent": 0.8683906474274888,
          "rmse": 0.06743593488773282,
          "pct_return_mae": 0.008748945892769925,
          "latency_s": 37.02479280883563
        },
        "test": {
          "mae": 0.09898032410486075,
          "mae_percent": 1.5288430180504604,
          "rmse": 0.189409531013309,
          "pct_return_mae": 0.013881164513422166,
          "latency_s": 37.0880112239829
        }
      },
      "differencing": {
        "validation": {
          "mae": 5.373880049756916,
          "mae_percent": 94.31462769903318,
          "rmse": 5.571956813032523,
          "pct_return_mae": 0.9629052349464774,
          "latency_s": 36.91590465301124
        },
        "test": {
          "mae": 7.336802119936217,
          "mae_percent": 113.32372163177695,
          "rmse": 7.351251955044774,
          "pct_return_mae": 1.180979251436392,
          "latency_s": 36.89004637894686
        }
      },
      "detrending": {
        "validation": {
          "mae": 0.046627885564515484,
          "mae_percent": 0.8183457067690464,
          "rmse": 0.06419969955612922,
          "pct_return_mae": 0.008262140021290542,
          "latency_s": 37.199597419967176
        },
        "test": {
          "mae": 0.09940456920968226,
          "mae_percent": 1.5353958776446694,
          "rmse": 0.1852034559729868,
          "pct_return_mae": 0.013900884523926568,
          "latency_s": 38.313522455093334
        }
      },
      "robust_scaling": {
        "validation": {
          "mae": 0.05483296640838113,
          "mae_percent": 0.9623495062332087,
          "rmse": 0.07438459202728567,
          "pct_return_mae": 0.009714294599393193,
          "latency_s": 39.86205422790954
        },
        "test": {
          "mae": 0.10181552284801887,
          "mae_percent": 1.5726352953789386,
          "rmse": 0.18072568521130042,
          "pct_return_mae": 0.01439809659047627,
          "latency_s": 39.805868494018796
        }
      },
      "minmax_standard": {
        "validation": {
          "mae": 0.05462666933520591,
          "mae_percent": 0.95872887617229,
          "rmse": 0.07394684294022548,
          "pct_return_mae": 0.00965790059377405,
          "latency_s": 39.67982722900342
        },
        "test": {
          "mae": 0.10283038136911998,
          "mae_percent": 1.5883107276259651,
          "rmse": 0.18303940041945327,
          "pct_return_mae": 0.014589907731586013,
          "latency_s": 40.24031001201365
        }
      },
      "rolling_norm": {
        "validation": {
          "mae": 0.047988737064085706,
          "mae_percent": 0.8422294186024436,
          "rmse": 0.06771929512228204,
          "pct_return_mae": 0.00850968775063858,
          "latency_s": 41.901944125958835
        },
        "test": {
          "mae": 0.10412568281710084,
          "mae_percent": 1.6083178612954632,
          "rmse": 0.20343187678498592,
          "pct_return_mae": 0.014552697135838283,
          "latency_s": 41.43401443482435
        }
      }
    },
    "output_path": "preaugstrategies/chronos2/hourly/UNIUSD.json"
  }
}