{
  "ensemble_4": {
    "3d": {
      "rl_return": 2.573004659920148,
      "rl_sortino": 867.6758506829599,
      "rl_dd": -0.15445831139728272,
      "bl_return": 1.4186829686200335,
      "bl_sortino": 1246.5993602951664,
      "bl_dd": -0.22740176368712772
    },
    "7d": {
      "rl_return": 16.763989496041614,
      "rl_sortino": 999.946078463578,
      "rl_dd": -0.1542568542841691,
      "bl_return": 7.517595682497003,
      "bl_sortino": 1046.2309399920061,
      "bl_dd": -0.22740176368712753
    },
    "10d": {
      "rl_return": 43.53254165541797,
      "rl_sortino": 606.2124031399622,
      "rl_dd": -0.1541012713998836,
      "bl_return": 9.742369731139059,
      "bl_sortino": 973.762374665843,
      "bl_dd": -0.22740176368712928
    },
    "14d": {
      "rl_return": 92.01582432610546,
      "rl_sortino": 475.4515353901453,
      "rl_dd": -0.1539388214087098,
      "bl_return": 14.645291449026015,
      "bl_sortino": 909.51551763846,
      "bl_dd": -0.22740176368712758
    },
    "30d": {
      "rl_return": 3461.293980278118,
      "rl_sortino": 449.188513190158,
      "rl_dd": -0.15296985600636553,
      "bl_return": 51.49826958081764,
      "bl_sortino": 858.5370198715843,
      "bl_dd": -0.22740176368712767
    }
  },
  "ensemble_top2": {
    "3d": {
      "rl_return": 2.9259798156595904,
      "rl_sortino": 865.917995038074,
      "rl_dd": -0.14242140059617467,
      "bl_return": 1.4186829686200335,
      "bl_sortino": 1246.5993602951664,
      "bl_dd": -0.22740176368712772
    },
    "7d": {
      "rl_return": 17.650400418638647,
      "rl_sortino": 980.0034194289566,
      "rl_dd": -0.14181324871076104,
      "bl_return": 7.517595682497003,
      "bl_sortino": 1046.2309399920061,
      "bl_dd": -0.22740176368712753
    },
    "10d": {
      "rl_return": 45.16222173461857,
      "rl_sortino": 607.2904954857833,
      "rl_dd": -0.14140646176424038,
      "bl_return": 9.742369731139059,
      "bl_sortino": 973.762374665843,
      "bl_dd": -0.22740176368712928
    },
    "14d": {
      "rl_return": 102.13490044342778,
      "rl_sortino": 486.5553517401884,
      "rl_dd": -0.1410116215758646,
      "bl_return": 14.645291449026015,
      "bl_sortino": 909.51551763846,
      "bl_dd": -0.22740176368712758
    },
    "30d": {
      "rl_return": 3412.448073914863,
      "rl_sortino": 465.90964583087157,
      "rl_dd": -0.13894073034505233,
      "bl_return": 51.49826958081764,
      "bl_sortino": 858.5370198715843,
      "bl_dd": -0.22740176368712767
    }
  },
  "ensemble_top3": {
    "3d": {
      "rl_return": 2.5569711161934743,
      "rl_sortino": 879.455014263413,
      "rl_dd": -0.14166135270750826,
      "bl_return": 1.4186829686200335,
      "bl_sortino": 1246.5993602951664,
      "bl_dd": -0.22740176368712772
    },
    "7d": {
      "rl_return": 16.014442074457968,
      "rl_sortino": 999.1328730713227,
      "rl_dd": -0.14118588697081264,
      "bl_return": 7.517595682497003,
      "bl_sortino": 1046.2309399920061,
      "bl_dd": -0.22740176368712753
    },
    "10d": {
      "rl_return": 41.321899236290825,
      "rl_sortino": 613.6089563667513,
      "rl_dd": -0.14085406192139502,
      "bl_return": 9.742369731139059,
      "bl_sortino": 973.762374665843,
      "bl_dd": -0.22740176368712928
    },
    "14d": {
      "rl_return": 94.5640069980148,
      "rl_sortino": 489.61852087567684,
      "rl_dd": -0.1405221258502239,
      "bl_return": 14.645291449026015,
      "bl_sortino": 909.51551763846,
      "bl_dd": -0.22740176368712758
    },
    "30d": {
      "rl_return": 3266.8138501819676,
      "rl_sortino": 463.917173641571,
      "rl_dd": -0.13872283007170816,
      "bl_return": 51.49826958081764,
      "bl_sortino": 858.5370198715843,
      "bl_dd": -0.22740176368712767
    }
  },
  "single_best": {
    "3d": {
      "rl_return": 2.965509993117477,
      "rl_sortino": 845.2725502460376,
      "rl_dd": -0.13947258930201584,
      "bl_return": 1.4186829686200335,
      "bl_sortino": 1246.5993602951664,
      "bl_dd": -0.22740176368712772
    },
    "7d": {
      "rl_return": 17.897602846904434,
      "rl_sortino": 968.8779567334957,
      "rl_dd": -0.13897333475765988,
      "bl_return": 7.517595682497003,
      "bl_sortino": 1046.2309399920061,
      "bl_dd": -0.22740176368712753
    },
    "10d": {
      "rl_return": 45.890621973587606,
      "rl_sortino": 600.8989974331269,
      "rl_dd": -0.13862812266306349,
      "bl_return": 9.742369731139059,
      "bl_sortino": 973.762374665843,
      "bl_dd": -0.22740176368712928
    },
    "14d": {
      "rl_return": 104.24798075242127,
      "rl_sortino": 481.680748578093,
      "rl_dd": -0.1382856552261693,
      "bl_return": 14.645291449026015,
      "bl_sortino": 909.51551763846,
      "bl_dd": -0.22740176368712758
    },
    "30d": {
      "rl_return": 3440.4946246438385,
      "rl_sortino": 446.5054094408727,
      "rl_dd": -0.13643636432719702,
      "bl_return": 51.49826958081764,
      "bl_sortino": 858.5370198715843,
      "bl_dd": -0.22740176368712767
    }
  }
}