{
  "baseline": {
    "return": 17.897602846904434,
    "sortino": 968.8779567334957,
    "dd": -0.13897333475765988,
    "trades": 205.0
  },
  "conservative_cap_06": {
    "return": 17.707847838362884,
    "sortino": 966.2699444522494,
    "dd": -0.13897442357446854,
    "trades": 205.0
  },
  "conservative_cap_05": {
    "return": 17.476365245069548,
    "sortino": 964.993364983014,
    "dd": -0.1389758780278554,
    "trades": 204.0
  },
  "conservative_cap_04": {
    "return": 17.026812556164565,
    "sortino": 964.2727144449746,
    "dd": -0.1389804184955156,
    "trades": 204.0
  },
  "cap_clamp_03_07": {
    "return": 19.406373936699882,
    "sortino": 971.4883977634845,
    "dd": -0.14632951470792804,
    "trades": 204.0
  },
  "cap_clamp_04_06": {
    "return": 20.359885624447408,
    "sortino": 970.2533355377145,
    "dd": -0.1505686957702555,
    "trades": 202.0
  },
  "cap_clamp_05_08": {
    "return": 21.847846688569383,
    "sortino": 971.6264826650288,
    "dd": -0.15479410579964897,
    "trades": 202.0
  },
  "vol_gate_loose": {
    "return": 15.843908169919075,
    "sortino": 965.867455842103,
    "dd": -0.13898950079508915,
    "trades": 204.0
  },
  "vol_gate_tight": {
    "return": 15.904581833669845,
    "sortino": 936.276721217255,
    "dd": -0.1380490321832847,
    "trades": 207.0
  },
  "momentum_filter": {
    "return": 14.424909906380204,
    "sortino": 962.8397948797417,
    "dd": -0.1694632791555141,
    "trades": 202.0
  },
  "momentum_tight": {
    "return": 14.272210711013305,
    "sortino": 958.0917888321281,
    "dd": -0.16946388743123988,
    "trades": 202.0
  }
}