{
  "timestamp": "20260304_011706",
  "symbols": {
    "NVDA": {
      "baseline_report": "hyperparams/chronos2/hourly_finetune/NVDA_none_NVDA_baseline_metaopt5_20260304_011706.json",
      "baseline_val_mae_percent": 2.442017279131849,
      "baseline_test_mae_percent": 2.3601192235546264,
      "best_lora": {
        "name": "NVDA_lora_metaopt5_20260304_011706_ctx512_lr0p0001_st400_r32",
        "report": "hyperparams/chronos2/hourly_lora/NVDA_lora_NVDA_lora_metaopt5_20260304_011706_ctx512_lr0p0001_st400_r32.json",
        "model_ckpt": "chronos2_finetuned/NVDA_lora_metaopt5_20260304_011706_ctx512_lr0p0001_st400_r32/finetuned-ckpt",
        "ctx": 512,
        "lr": 0.0001,
        "steps": 400,
        "lora_r": 32,
        "val_mae_percent": 1.8725546706471856,
        "test_mae_percent": 1.489050518219027
      },
      "val_mae_percent_improvement_pct": 23.31935213362252,
      "test_mae_percent_improvement_pct": 36.907826377671896,
      "promote_lora": true,
      "num_candidates": 12
    },
    "TRIP": {
      "baseline_report": "hyperparams/chronos2/hourly_finetune/TRIP_none_TRIP_baseline_metaopt5_20260304_011706.json",
      "baseline_val_mae_percent": 5.750054958450926,
      "baseline_test_mae_percent": 16.01843206442491,
      "best_lora": {
        "name": "TRIP_lora_metaopt5_20260304_011706_ctx512_lr5e-05_st400_r32",
        "report": "hyperparams/chronos2/hourly_lora/TRIP_lora_TRIP_lora_metaopt5_20260304_011706_ctx512_lr5e-05_st400_r32.json",
        "model_ckpt": "chronos2_finetuned/TRIP_lora_metaopt5_20260304_011706_ctx512_lr5e-05_st400_r32/finetuned-ckpt",
        "ctx": 512,
        "lr": 5e-05,
        "steps": 400,
        "lora_r": 32,
        "val_mae_percent": 4.384022669322934,
        "test_mae_percent": 10.586678887119934
      },
      "val_mae_percent_improvement_pct": 23.756856221353466,
      "test_mae_percent_improvement_pct": 33.909393600190576,
      "promote_lora": true,
      "num_candidates": 12
    }
  },
  "promoted_models": {
    "NVDA": "NVDA_lora_metaopt5_20260304_011706_ctx512_lr0p0001_st400_r32",
    "TRIP": "TRIP_lora_metaopt5_20260304_011706_ctx512_lr5e-05_st400_r32"
  }
}