{
  "timestamp": "20260304_002146",
  "symbols": {
    "PLTR": {
      "baseline_report": "hyperparams/chronos2/hourly_finetune/PLTR_none_PLTR_baseline_metaopt4_20260304_002146.json",
      "baseline_val_mae_percent": 13.365485161696924,
      "baseline_test_mae_percent": 4.548405489614366,
      "best_lora": {
        "name": "PLTR_lora_metaopt4_20260304_002146_ctx512_lr0p0001_st200_r16",
        "report": "hyperparams/chronos2/hourly_lora/PLTR_lora_PLTR_lora_metaopt4_20260304_002146_ctx512_lr0p0001_st200_r16.json",
        "model_ckpt": "chronos2_finetuned/PLTR_lora_metaopt4_20260304_002146_ctx512_lr0p0001_st200_r16/finetuned-ckpt",
        "ctx": 512,
        "lr": 0.0001,
        "steps": 200,
        "lora_r": 16,
        "val_mae_percent": 10.138473842100836,
        "test_mae_percent": 2.5217288767007453
      },
      "val_mae_percent_improvement_pct": 24.14436348965559,
      "test_mae_percent_improvement_pct": 44.5579581139203,
      "promote_lora": true,
      "num_candidates": 12
    },
    "MTCH": {
      "baseline_report": "hyperparams/chronos2/hourly_finetune/MTCH_none_MTCH_baseline_metaopt4_20260304_002146.json",
      "baseline_val_mae_percent": 2.2847068213301567,
      "baseline_test_mae_percent": 1.9453559545184684,
      "best_lora": {
        "name": "MTCH_lora_metaopt4_20260304_002146_ctx512_lr0p0001_st400_r16",
        "report": "hyperparams/chronos2/hourly_lora/MTCH_lora_MTCH_lora_metaopt4_20260304_002146_ctx512_lr0p0001_st400_r16.json",
        "model_ckpt": "chronos2_finetuned/MTCH_lora_metaopt4_20260304_002146_ctx512_lr0p0001_st400_r16/finetuned-ckpt",
        "ctx": 512,
        "lr": 0.0001,
        "steps": 400,
        "lora_r": 16,
        "val_mae_percent": 1.6888810474543585,
        "test_mae_percent": 1.1209311664240023
      },
      "val_mae_percent_improvement_pct": 26.078872278628218,
      "test_mae_percent_improvement_pct": 42.37912276051994,
      "promote_lora": true,
      "num_candidates": 12
    }
  },
  "promoted_models": {
    "PLTR": "PLTR_lora_metaopt4_20260304_002146_ctx512_lr0p0001_st200_r16",
    "MTCH": "MTCH_lora_metaopt4_20260304_002146_ctx512_lr0p0001_st400_r16"
  }
}