{
  "total_return": -0.16469466342578526,
  "sortino": -10.25505915345017,
  "mean_hourly_return": -0.0002476123484205983
}