{
  "total_return": -0.07151485202450822,
  "sortino": -9.453980006441103,
  "mean_hourly_return": -0.0003934012367605027
}