{
  "ensemble": [
    "C_s7",
    "D_s16",
    "D_s42",
    "D_s3",
    "I_s3",
    "D_s2",
    "D_s14",
    "D_s28",
    "D_s81",
    "D_s57",
    "I_s3",
    "D_s64",
    "I_s32"
  ],
  "k": 2,
  "min_prob_ratio": 0.5,
  "total_alloc": 1.0,
  "decision_lag": 2,
  "fill_buffer_bps": 5.0,
  "fee_rate": 0.001,
  "slippage_bps": 5.0,
  "window_days": 50,
  "summary": {
    "median_monthly": 0.026324134833209435,
    "p10_monthly": -0.007152328537008492,
    "median_sortino": 2.1718869469038165,
    "median_max_dd": 0.06461669973246997,
    "n_neg": 39,
    "n_windows": 262
  }
}