{
  "total_return": 0.016707646512621795,
  "sortino": 3.0741738726615666,
  "mean_hourly_return": 7.244054166513128e-05
}