{
  "total_return":-0.0038124651,
  "sortino":-0.0969791041,
  "mean_hourly_return":-0.0000115215,
  "financing_cost_paid":0.5624226459
}