{
  "total_return":-0.0287756604,
  "sortino":-2.3919563464,
  "mean_hourly_return":-0.0003097118,
  "financing_cost_paid":2.2486385578
}