{
  "AAPL": {
    "stock": "AAPL",
    "count": 400,
    "mean": 100.48076146779712,
    "std": 15.112879554683245,
    "min": 79.04449139151113,
    "max": 138.85632134633983,
    "h16": 4.33572337557966,
    "h16_pct": 4.314978621026082,
    "h32": 5.576645747862898,
    "h32_pct": 5.549963661103569,
    "h64": 5.9851671502120425,
    "h64_pct": 5.956530447005238,
    "h128": 9.57477036396096,
    "h128_pct": 9.528958801759837
  },
  "ADBE": {
    "stock": "ADBE",
    "count": 1707,
    "mean": 434.3006444393576,
    "std": 108.74319174203403,
    "min": 215.6999969482422,
    "max": 688.3699951171875,
    "h16": 20.82371946906705,
    "h16_pct": 4.794770566354689,
    "h32": 28.287353224113804,
    "h32_pct": 6.5133113630605335,
    "h64": 38.320163942732904,
    "h64_pct": 8.823418623336545,
    "h128": 49.42154568460185,
    "h128_pct": 11.379569963199236
  },
  "ADSK": {
    "stock": "ADSK",
    "count": 1707,
    "mean": 231.79311084803183,
    "std": 51.031636668599695,
    "min": 121.8499984741211,
    "max": 342.2699890136719,
    "h16": 10.943530325773974,
    "h16_pct": 4.721249171615273,
    "h32": 14.30146876093167,
    "h32_pct": 6.169928307449998,
    "h64": 19.815026606573102,
    "h64_pct": 8.548583059297318,
    "h128": 23.960848884993222,
    "h128_pct": 10.337170417762085
  },
  "AMD": {
    "stock": "AMD",
    "count": 1707,
    "mean": 96.04975977485894,
    "std": 43.83125109442591,
    "min": 17.049999237060547,
    "max": 238.60000610351562,
    "h16": 7.200307640784031,
    "h16_pct": 7.496434824680024,
    "h32": 9.567659549997813,
    "h32_pct": 9.961148859116827,
    "h64": 14.23612873335111,
    "h64_pct": 14.821618259869322,
    "h128": 18.667681199376382,
    "h128_pct": 19.435427265131644
  },
  "AMZN": {
    "stock": "AMZN",
    "count": 1707,
    "mean": 146.0527994013978,
    "std": 42.43762137415441,
    "min": 75.01399993896484,
    "max": 242.05999755859375,
    "h16": 6.570306742987923,
    "h16_pct": 4.498583231486518,
    "h32": 8.586534355505188,
    "h32_pct": 5.879061812370171,
    "h64": 12.213433472905592,
    "h64_pct": 8.362341237526943,
    "h128": 16.819635948099013,
    "h128_pct": 11.516133902968544
  },
  "BTCUSD": {
    "stock": "BTCUSD",
    "count": 1460,
    "mean": 54134.761672795205,
    "std": 30970.661217318888,
    "min": 15756.6,
    "max": 124720.323,
    "h16": 2806.581200177553,
    "h16_pct": 5.184434388279515,
    "h32": 4411.998631852889,
    "h32_pct": 8.150028734808465,
    "h64": 7072.015453536473,
    "h64_pct": 13.063723262109479,
    "h128": 8419.121844953363,
    "h128_pct": 15.552154631881004
  },
  "COIN": {
    "stock": "COIN",
    "count": 1133,
    "mean": 179.46630206533163,
    "std": 96.45887766553511,
    "min": 32.529998779296875,
    "max": 419.7799987792969,
    "h16": 20.130617327848075,
    "h16_pct": 11.216934374966877,
    "h32": 27.49613075706766,
    "h32_pct": 15.321054950504392,
    "h64": 43.254433017227555,
    "h64_pct": 24.10170183452129,
    "h128": 56.60760130241736,
    "h128_pct": 31.542189620539645
  },
  "COUR": {
    "stock": "COUR",
    "count": 1142,
    "mean": 16.908178630935748,
    "std": 10.272431564332132,
    "min": 6.170000076293945,
    "max": 58.0,
    "h16": 1.0599734067493392,
    "h16_pct": 6.268998156962795,
    "h32": 1.4473785219965754,
    "h32_pct": 8.56022729348509,
    "h64": 2.272551158805946,
    "h64_pct": 13.44054382444253,
    "h128": 3.5709665061454094,
    "h128_pct": 21.119758574184058
  },
  "CRWD": {
    "stock": "CRWD",
    "count": 1596,
    "mean": 212.53198925534585,
    "std": 115.65776457827606,
    "min": 33.0099983215332,
    "max": 514.0999755859375,
    "h16": 14.659021964254258,
    "h16_pct": 6.897324970050614,
    "h32": 21.46950570274802,
    "h32_pct": 10.10177610343333,
    "h64": 30.421800092990964,
    "h64_pct": 14.313986426034338,
    "h128": 36.79758418808191,
    "h128_pct": 17.31390381137946
  },
  "ETHUSD": {
    "stock": "ETHUSD",
    "count": 2479,
    "mean": 1835.7847467986458,
    "std": 1284.9366146987131,
    "min": 104.5353012084961,
    "max": 4831.3486328125,
    "h16": 149.01009492800577,
    "h16_pct": 8.116969878296393,
    "h32": 223.36247503470048,
    "h32_pct": 12.167138626912207,
    "h64": 343.728381249722,
    "h64_pct": 18.723784574914717,
    "h128": 443.3841217410965,
    "h128_pct": 24.152293590754418
  },
  "GOOG": {
    "stock": "GOOG",
    "count": 1707,
    "mean": 119.04136636037887,
    "std": 44.657748262464644,
    "min": 50.803001403808594,
    "max": 255.24000549316406,
    "h16": 4.471986726640175,
    "h16_pct": 3.7566661601496945,
    "h32": 6.330592535218196,
    "h32_pct": 5.3179770434197895,
    "h64": 9.69941690065334,
    "h64_pct": 8.147938147223455,
    "h128": 13.216325333482333,
    "h128_pct": 11.102296401296337
  },
  "GOOGL": {
    "stock": "GOOGL",
    "count": 400,
    "mean": 95.0078099004846,
    "std": 23.374657772155466,
    "min": 65.82120881887207,
    "max": 154.18592503889005,
    "h16": 4.576086402847952,
    "h16_pct": 4.816537090625653,
    "h32": 7.436602102831179,
    "h32_pct": 7.8273587304250105,
    "h64": 11.642078738922399,
    "h64_pct": 12.253812345655403,
    "h128": 22.378390433239225,
    "h128_pct": 23.554264072268737
  },
  "INTC": {
    "stock": "INTC",
    "count": 1707,
    "mean": 41.84518445690403,
    "std": 13.386205189260611,
    "min": 18.1299991607666,
    "max": 68.47000122070312,
    "h16": 2.0852748198596633,
    "h16_pct": 4.9833089444432215,
    "h32": 2.962961016982349,
    "h32_pct": 7.080769401396414,
    "h64": 4.279762475866409,
    "h64_pct": 10.227610491893273,
    "h128": 5.4610065837084605,
    "h128_pct": 13.050501878735176
  },
  "LCID": {
    "stock": "LCID",
    "count": 1275,
    "mean": 120.51060806274414,
    "std": 111.73169850764076,
    "min": 16.15999984741211,
    "max": 580.5,
    "h16": 14.7799160376345,
    "h16_pct": 12.264410806009128,
    "h32": 18.33351968932516,
    "h32_pct": 15.213199886751688,
    "h64": 31.636577073844578,
    "h64_pct": 26.252109737404126,
    "h128": 30.108007475928627,
    "h128_pct": 24.983698912425055
  },
  "META": {
    "stock": "META",
    "count": 1707,
    "mean": 326.5967196133239,
    "std": 171.96233198612467,
    "min": 88.91000366210938,
    "max": 790.0,
    "h16": 15.985275760337068,
    "h16_pct": 4.894499791443995,
    "h32": 22.457308427042037,
    "h32_pct": 6.876158601234728,
    "h64": 36.017255094670986,
    "h64_pct": 11.028051701595112,
    "h128": 52.674440617044944,
    "h128_pct": 16.128282206694898
  },
  "MSFT": {
    "stock": "MSFT",
    "count": 400,
    "mean": 98.64137250982213,
    "std": 6.2047118672611665,
    "min": 86.280288199992,
    "max": 121.87321329338832,
    "h16": 3.2551217983682377,
    "h16_pct": 3.299955906477388,
    "h32": 4.651068583512588,
    "h32_pct": 4.715129630875181,
    "h64": 5.664605250105829,
    "h64_pct": 5.742626147605337,
    "h128": 5.25155152151524,
    "h128_pct": 5.323883263072319
  },
  "NET": {
    "stock": "NET",
    "count": 1531,
    "mean": 82.97340959041902,
    "std": 48.04473597359876,
    "min": 14.619999885559082,
    "max": 228.27999877929688,
    "h16": 7.10120162082584,
    "h16_pct": 8.55840642909511,
    "h32": 11.01858588836446,
    "h32_pct": 13.279659041077638,
    "h64": 16.48325228414815,
    "h64_pct": 19.865704405199565,
    "h128": 29.05568780987414,
    "h128_pct": 35.01807139576582
  },
  "NVDA": {
    "stock": "NVDA",
    "count": 1707,
    "mean": 45.7568851629055,
    "std": 50.954940142345336,
    "min": 3.1997499465942383,
    "max": 192.57000732421875,
    "h16": 2.926935199447668,
    "h16_pct": 6.396709891914792,
    "h32": 4.10387715752445,
    "h32_pct": 8.968873521249671,
    "h64": 7.060213782478235,
    "h64_pct": 15.429839153915697,
    "h128": 9.899858194185708,
    "h128_pct": 21.635778219911245
  },
  "QQQ": {
    "stock": "QQQ",
    "count": 972,
    "mean": 399.6995524691358,
    "std": 86.61783184066726,
    "min": 260.04,